idx_archive,idx_evaluation,idx_generation_birth,idx_generation
0,0,0,0
1,1,0,0
2,2,0,0
3,3,0,0
4,4,0,0
5,5,0,0
6,6,0,0
7,7,0,0
8,8,0,0
9,9,0,0
10,10,0,0
11,11,0,0
12,12,0,0
13,13,0,0
14,14,0,0
15,15,0,0
16,16,0,0
17,17,0,0
18,18,0,0
19,19,0,0
20,20,0,0
21,21,0,0
22,22,0,0
23,23,0,0
24,24,0,0
25,25,0,0
26,26,0,0
27,27,0,0
28,28,0,0
29,29,0,0
30,30,0,0
31,31,0,0
32,32,0,0
33,33,0,0
34,34,0,0
35,35,0,0
36,36,0,0
37,37,0,0
38,38,0,0
39,39,0,0
40,40,0,0
41,41,0,0
42,42,0,0
43,43,0,0
44,44,0,0
45,45,0,0
46,46,0,0
47,47,0,0
48,48,0,0
49,49,0,0
50,50,0,0
51,51,0,0
52,52,0,0
53,53,0,0
54,54,0,0
55,55,0,0
56,56,0,0
57,57,0,0
58,58,0,0
59,59,0,0
60,60,0,0
61,61,0,0
62,62,0,0
63,63,0,0
64,64,0,0
65,65,0,0
66,66,0,0
67,67,0,0
68,68,0,0
69,69,0,0
70,70,0,0
71,71,0,0
72,72,0,0
73,73,0,0
74,74,0,0
75,75,0,0
76,76,0,0
77,77,0,0
78,78,0,0
79,79,0,0
80,80,0,0
81,81,0,0
82,82,0,0
83,83,0,0
84,84,0,0
85,85,0,0
86,86,0,0
87,87,0,0
88,88,0,0
89,89,0,0
90,90,0,0
91,91,0,0
92,92,0,0
93,93,0,0
94,94,0,0
95,95,0,0
96,96,0,0
97,97,0,0
98,98,0,0
99,99,0,0
100,152,1,1
101,171,1,1
102,179,1,1
103,2,0,1
104,112,1,1
105,158,1,1
106,162,1,1
107,74,0,1
108,66,0,1
109,186,1,1
110,37,0,1
111,157,1,1
112,105,1,1
113,125,1,1
114,138,1,1
115,52,0,1
116,182,1,1
117,114,1,1
118,180,1,1
119,80,0,1
120,103,1,1
121,133,1,1
122,75,0,1
123,141,1,1
124,119,1,1
125,90,0,1
126,8,0,1
127,159,1,1
128,96,0,1
129,192,1,1
130,168,1,1
131,23,0,1
132,111,1,1
133,11,0,1
134,18,0,1
135,196,1,1
136,197,1,1
137,42,0,1
138,151,1,1
139,161,1,1
140,46,0,1
141,166,1,1
142,195,1,1
143,123,1,1
144,62,0,1
145,107,1,1
146,169,1,1
147,175,1,1
148,191,1,1
149,118,1,1
150,140,1,1
151,22,0,1
152,58,0,1
153,136,1,1
154,102,1,1
155,31,0,1
156,108,1,1
157,73,0,1
158,115,1,1
159,156,1,1
160,165,1,1
161,190,1,1
162,146,1,1
163,184,1,1
164,131,1,1
165,134,1,1
166,189,1,1
167,150,1,1
168,181,1,1
169,99,0,1
170,65,0,1
171,7,0,1
172,124,1,1
173,132,1,1
174,6,0,1
175,117,1,1
176,35,0,1
177,64,0,1
178,77,0,1
179,139,1,1
180,198,1,1
181,10,0,1
182,185,1,1
183,33,0,1
184,53,0,1
185,30,0,1
186,178,1,1
187,98,0,1
188,25,0,1
189,173,1,1
190,57,0,1
191,84,0,1
192,183,1,1
193,85,0,1
194,100,1,1
195,43,0,1
196,97,0,1
197,147,1,1
198,72,0,1
199,121,1,1
200,229,2,2
201,171,1,2
202,179,1,2
203,282,2,2
204,267,2,2
205,234,2,2
206,212,2,2
207,112,1,2
208,240,2,2
209,218,2,2
210,296,2,2
211,252,2,2
212,227,2,2
213,162,1,2
214,204,2,2
215,253,2,2
216,186,1,2
217,105,1,2
218,242,2,2
219,152,1,2
220,235,2,2
221,236,2,2
222,2,0,2
223,158,1,2
224,182,1,2
225,283,2,2
226,241,2,2
227,247,2,2
228,281,2,2
229,245,2,2
230,74,0,2
231,223,2,2
232,270,2,2
233,157,1,2
234,211,2,2
235,133,1,2
236,66,0,2
237,205,2,2
238,231,2,2
239,287,2,2
240,52,0,2
241,180,1,2
242,125,1,2
243,80,0,2
244,213,2,2
245,138,1,2
246,206,2,2
247,243,2,2
248,114,1,2
249,8,0,2
250,37,0,2
251,111,1,2
252,141,1,2
253,42,0,2
254,295,2,2
255,209,2,2
256,265,2,2
257,90,0,2
258,119,1,2
259,251,2,2
260,255,2,2
261,286,2,2
262,103,1,2
263,23,0,2
264,216,2,2
265,169,1,2
266,257,2,2
267,159,1,2
268,75,0,2
269,262,2,2
270,222,2,2
271,208,2,2
272,269,2,2
273,96,0,2
274,246,2,2
275,192,1,2
276,168,1,2
277,273,2,2
278,11,0,2
279,271,2,2
280,238,2,2
281,279,2,2
282,284,2,2
283,196,1,2
284,285,2,2
285,226,2,2
286,161,1,2
287,258,2,2
288,46,0,2
289,166,1,2
290,298,2,2
291,250,2,2
292,18,0,2
293,259,2,2
294,290,2,2
295,266,2,2
296,195,1,2
297,123,1,2
298,151,1,2
299,107,1,2
300,386,3,3
301,229,2,3
302,388,3,3
303,267,2,3
304,389,3,3
305,282,2,3
306,317,3,3
307,234,2,3
308,391,3,3
309,308,3,3
310,372,3,3
311,345,3,3
312,204,2,3
313,152,1,3
314,179,1,3
315,171,1,3
316,112,1,3
317,319,3,3
318,364,3,3
319,218,2,3
320,158,1,3
321,240,2,3
322,2,0,3
323,303,3,3
324,296,2,3
325,393,3,3
326,320,3,3
327,304,3,3
328,367,3,3
329,252,2,3
330,283,2,3
331,245,2,3
332,385,3,3
333,253,2,3
334,310,3,3
335,242,2,3
336,300,3,3
337,186,1,3
338,323,3,3
339,241,2,3
340,395,3,3
341,236,2,3
342,180,1,3
343,125,1,3
344,235,2,3
345,247,2,3
346,376,3,3
347,305,3,3
348,377,3,3
349,157,1,3
350,182,1,3
351,343,3,3
352,74,0,3
353,366,3,3
354,212,2,3
355,162,1,3
356,206,2,3
357,227,2,3
358,281,2,3
359,314,3,3
360,223,2,3
361,205,2,3
362,394,3,3
363,309,3,3
364,66,0,3
365,307,3,3
366,302,3,3
367,287,2,3
368,141,1,3
369,361,3,3
370,286,2,3
371,80,0,3
372,333,3,3
373,315,3,3
374,347,3,3
375,311,3,3
376,321,3,3
377,138,1,3
378,213,2,3
379,243,2,3
380,114,1,3
381,23,0,3
382,331,3,3
383,37,0,3
384,255,2,3
385,387,3,3
386,341,3,3
387,133,1,3
388,265,2,3
389,378,3,3
390,332,3,3
391,392,3,3
392,222,2,3
393,318,3,3
394,352,3,3
395,96,0,3
396,330,3,3
397,273,2,3
398,105,1,3
399,348,3,3
400,419,4,4
401,449,4,4
402,386,3,4
403,229,2,4
404,267,2,4
405,421,4,4
406,389,3,4
407,408,4,4
408,317,3,4
409,308,3,4
410,457,4,4
411,415,4,4
412,442,4,4
413,499,4,4
414,496,4,4
415,452,4,4
416,404,4,4
417,448,4,4
418,372,3,4
419,469,4,4
420,234,2,4
421,428,4,4
422,282,2,4
423,303,3,4
424,497,4,4
425,112,1,4
426,455,4,4
427,240,2,4
428,433,4,4
429,296,2,4
430,2,0,4
431,467,4,4
432,393,3,4
433,304,3,4
434,440,4,4
435,391,3,4
436,477,4,4
437,410,4,4
438,283,2,4
439,388,3,4
440,245,2,4
441,345,3,4
442,204,2,4
443,179,1,4
444,152,1,4
445,171,1,4
446,432,4,4
447,423,4,4
448,483,4,4
449,364,3,4
450,400,4,4
451,186,1,4
452,480,4,4
453,403,4,4
454,425,4,4
455,125,1,4
456,434,4,4
457,486,4,4
458,323,3,4
459,366,3,4
460,206,2,4
461,385,3,4
462,253,2,4
463,310,3,4
464,242,2,4
465,300,3,4
466,466,4,4
467,247,2,4
468,141,1,4
469,235,2,4
470,218,2,4
471,309,3,4
472,311,3,4
473,376,3,4
474,158,1,4
475,180,1,4
476,377,3,4
477,401,4,4
478,436,4,4
479,406,4,4
480,182,1,4
481,367,3,4
482,476,4,4
483,456,4,4
484,474,4,4
485,451,4,4
486,463,4,4
487,427,4,4
488,213,2,4
489,361,3,4
490,241,2,4
491,252,2,4
492,281,2,4
493,23,0,4
494,494,4,4
495,314,3,4
496,478,4,4
497,319,3,4
498,66,0,4
499,287,2,4
500,558,5,5
501,449,4,5
502,386,3,5
503,229,2,5
504,526,5,5
505,421,4,5
506,267,2,5
507,525,5,5
508,317,3,5
509,541,5,5
510,457,4,5
511,499,4,5
512,308,3,5
513,408,4,5
514,564,5,5
515,578,5,5
516,452,4,5
517,562,5,5
518,568,5,5
519,550,5,5
520,555,5,5
521,448,4,5
522,547,5,5
523,389,3,5
524,595,5,5
525,503,5,5
526,234,2,5
527,523,5,5
528,583,5,5
529,442,4,5
530,469,4,5
531,240,2,5
532,404,4,5
533,599,5,5
534,393,3,5
535,2,0,5
536,419,4,5
537,282,2,5
538,587,5,5
539,534,5,5
540,513,5,5
541,546,5,5
542,415,4,5
543,496,4,5
544,112,1,5
545,477,4,5
546,391,3,5
547,388,3,5
548,245,2,5
549,581,5,5
550,588,5,5
551,566,5,5
552,455,4,5
553,532,5,5
554,486,4,5
555,179,1,5
556,529,5,5
557,504,5,5
558,296,2,5
559,125,1,5
560,425,4,5
561,433,4,5
562,283,2,5
563,497,4,5
564,400,4,5
565,553,5,5
566,501,5,5
567,440,4,5
568,574,5,5
569,428,4,5
570,509,5,5
571,577,5,5
572,483,4,5
573,524,5,5
574,304,3,5
575,410,4,5
576,500,5,5
577,206,2,5
578,551,5,5
579,467,4,5
580,579,5,5
581,372,3,5
582,505,5,5
583,432,4,5
584,586,5,5
585,466,4,5
586,235,2,5
587,516,5,5
588,401,4,5
589,434,4,5
590,158,1,5
591,376,3,5
592,480,4,5
593,364,3,5
594,377,3,5
595,506,5,5
596,180,1,5
597,463,4,5
598,152,1,5
599,182,1,5
600,603,6,6
601,558,5,6
602,696,6,6
603,386,3,6
604,680,6,6
605,684,6,6
606,267,2,6
607,526,5,6
608,626,6,6
609,677,6,6
610,308,3,6
611,541,5,6
612,452,4,6
613,457,4,6
614,660,6,6
615,564,5,6
616,421,4,6
617,578,5,6
618,690,6,6
619,616,6,6
620,562,5,6
621,408,4,6
622,525,5,6
623,568,5,6
624,607,6,6
625,449,4,6
626,555,5,6
627,675,6,6
628,317,3,6
629,229,2,6
630,547,5,6
631,442,4,6
632,673,6,6
633,282,2,6
634,389,3,6
635,234,2,6
636,419,4,6
637,667,6,6
638,615,6,6
639,404,4,6
640,503,5,6
641,623,6,6
642,415,4,6
643,628,6,6
644,583,5,6
645,513,5,6
646,637,6,6
647,499,4,6
648,546,5,6
649,634,6,6
650,612,6,6
651,652,6,6
652,599,5,6
653,477,4,6
654,550,5,6
655,534,5,6
656,669,6,6
657,653,6,6
658,595,5,6
659,588,5,6
660,448,4,6
661,661,6,6
662,674,6,6
663,620,6,6
664,655,6,6
665,657,6,6
666,687,6,6
667,112,1,6
668,672,6,6
669,469,4,6
670,656,6,6
671,240,2,6
672,630,6,6
673,688,6,6
674,625,6,6
675,587,5,6
676,504,5,6
677,566,5,6
678,666,6,6
679,609,6,6
680,496,4,6
681,425,4,6
682,553,5,6
683,651,6,6
684,391,3,6
685,388,3,6
686,613,6,6
687,372,3,6
688,601,6,6
689,532,5,6
690,632,6,6
691,650,6,6
692,179,1,6
693,523,5,6
694,683,6,6
695,622,6,6
696,401,4,6
697,668,6,6
698,659,6,6
699,529,5,6
700,739,7,7
701,558,5,7
702,603,6,7
703,772,7,7
704,770,7,7
705,732,7,7
706,755,7,7
707,771,7,7
708,754,7,7
709,783,7,7
710,704,7,7
711,680,6,7
712,541,5,7
713,626,6,7
714,735,7,7
715,562,5,7
716,726,7,7
717,743,7,7
718,578,5,7
719,765,7,7
720,690,6,7
721,724,7,7
722,702,7,7
723,748,7,7
724,308,3,7
725,778,7,7
726,736,7,7
727,684,6,7
728,267,2,7
729,449,4,7
730,555,5,7
731,229,2,7
732,782,7,7
733,714,7,7
734,386,3,7
735,637,6,7
736,715,7,7
737,660,6,7
738,723,7,7
739,317,3,7
740,757,7,7
741,677,6,7
742,419,4,7
743,457,4,7
744,747,7,7
745,628,6,7
746,718,7,7
747,616,6,7
748,789,7,7
749,781,7,7
750,564,5,7
751,795,7,7
752,452,4,7
753,717,7,7
754,568,5,7
755,525,5,7
756,607,6,7
757,731,7,7
758,526,5,7
759,769,7,7
760,696,6,7
761,673,6,7
762,675,6,7
763,776,7,7
764,421,4,7
765,503,5,7
766,389,3,7
767,667,6,7
768,780,7,7
769,728,7,7
770,725,7,7
771,408,4,7
772,234,2,7
773,674,6,7
774,785,7,7
775,499,4,7
776,708,7,7
777,442,4,7
778,513,5,7
779,759,7,7
780,415,4,7
781,767,7,7
782,703,7,7
783,797,7,7
784,496,4,7
785,733,7,7
786,599,5,7
787,651,6,7
788,546,5,7
789,550,5,7
790,744,7,7
791,623,6,7
792,766,7,7
793,534,5,7
794,615,6,7
795,653,6,7
796,547,5,7
797,448,4,7
798,764,7,7
799,687,6,7
800,826,8,8
801,739,7,8
802,603,6,8
803,852,8,8
804,732,7,8
805,754,7,8
806,831,8,8
807,834,8,8
808,866,8,8
809,871,8,8
810,893,8,8
811,861,8,8
812,850,8,8
813,626,6,8
814,743,7,8
815,820,8,8
816,828,8,8
817,869,8,8
818,772,7,8
819,881,8,8
820,755,7,8
821,847,8,8
822,771,7,8
823,308,3,8
824,842,8,8
825,702,7,8
826,899,8,8
827,886,8,8
828,684,6,8
829,267,2,8
830,558,5,8
831,449,4,8
832,229,2,8
833,782,7,8
834,747,7,8
835,810,8,8
836,386,3,8
837,680,6,8
838,875,8,8
839,822,8,8
840,864,8,8
841,812,8,8
842,885,8,8
843,714,7,8
844,800,8,8
845,748,7,8
846,317,3,8
847,735,7,8
848,855,8,8
849,726,7,8
850,578,5,8
851,783,7,8
852,704,7,8
853,770,7,8
854,889,8,8
855,839,8,8
856,690,6,8
857,778,7,8
858,736,7,8
859,541,5,8
860,884,8,8
861,696,6,8
862,882,8,8
863,723,7,8
864,660,6,8
865,776,7,8
866,844,8,8
867,894,8,8
868,832,8,8
869,725,7,8
870,801,8,8
871,897,8,8
872,616,6,8
873,677,6,8
874,789,7,8
875,674,6,8
876,757,7,8
877,708,7,8
878,564,5,8
879,728,7,8
880,837,8,8
881,765,7,8
882,878,8,8
883,724,7,8
884,503,5,8
885,562,5,8
886,895,8,8
887,525,5,8
888,718,7,8
889,846,8,8
890,803,8,8
891,607,6,8
892,835,8,8
893,853,8,8
894,797,7,8
895,888,8,8
896,526,5,8
897,555,5,8
898,653,6,8
899,880,8,8
900,826,8,9
901,739,7,9
902,852,8,9
903,912,9,9
904,732,7,9
905,992,9,9
906,603,6,9
907,893,8,9
908,831,8,9
909,871,8,9
910,934,9,9
911,754,7,9
912,850,8,9
913,973,9,9
914,820,8,9
915,953,9,9
916,926,9,9
917,772,7,9
918,967,9,9
919,755,7,9
920,847,8,9
921,932,9,9
922,986,9,9
923,909,9,9
924,828,8,9
925,968,9,9
926,886,8,9
927,941,9,9
928,834,8,9
929,842,8,9
930,915,9,9
931,684,6,9
932,267,2,9
933,976,9,9
934,987,9,9
935,449,4,9
936,914,9,9
937,810,8,9
938,680,6,9
939,822,8,9
940,991,9,9
941,995,9,9
942,726,7,9
943,714,7,9
944,735,7,9
945,917,9,9
946,855,8,9
947,317,3,9
948,743,7,9
949,771,7,9
950,702,7,9
951,902,9,9
952,929,9,9
953,866,8,9
954,981,9,9
955,889,8,9
956,869,8,9
957,704,7,9
958,770,7,9
959,861,8,9
960,875,8,9
961,800,8,9
962,937,9,9
963,748,7,9
964,960,9,9
965,943,9,9
966,558,5,9
967,229,2,9
968,913,9,9
969,812,8,9
970,910,9,9
971,386,3,9
972,933,9,9
973,993,9,9
974,626,6,9
975,881,8,9
976,789,7,9
977,660,6,9
978,956,9,9
979,923,9,9
980,996,9,9
981,578,5,9
982,951,9,9
983,936,9,9
984,901,9,9
985,970,9,9
986,921,9,9
987,778,7,9
988,982,9,9
989,983,9,9
990,999,9,9
991,690,6,9
992,839,8,9
993,525,5,9
994,844,8,9
995,308,3,9
996,895,8,9
997,905,9,9
998,837,8,9
999,747,7,9
1000,826,8,10
1001,739,7,10
1002,1071,10,10
1003,992,9,10
1004,603,6,10
1005,732,7,10
1006,1064,10,10
1007,1022,10,10
1008,1066,10,10
1009,973,9,10
1010,1087,10,10
1011,754,7,10
1012,1094,10,10
1013,820,8,10
1014,1097,10,10
1015,1018,10,10
1016,1006,10,10
1017,1014,10,10
1018,893,8,10
1019,842,8,10
1020,1012,10,10
1021,1046,10,10
1022,828,8,10
1023,968,9,10
1024,1089,10,10
1025,1069,10,10
1026,1015,10,10
1027,932,9,10
1028,926,9,10
1029,1023,10,10
1030,1056,10,10
1031,967,9,10
1032,871,8,10
1033,1042,10,10
1034,1048,10,10
1035,1052,10,10
1036,834,8,10
1037,755,7,10
1038,915,9,10
1039,1026,10,10
1040,934,9,10
1041,847,8,10
1042,909,9,10
1043,684,6,10
1044,267,2,10
1045,976,9,10
1046,987,9,10
1047,449,4,10
1048,852,8,10
1049,831,8,10
1050,1036,10,10
1051,822,8,10
1052,1027,10,10
1053,1034,10,10
1054,917,9,10
1055,772,7,10
1056,912,9,10
1057,714,7,10
1058,941,9,10
1059,1028,10,10
1060,1008,10,10
1061,1045,10,10
1062,850,8,10
1063,748,7,10
1064,981,9,10
1065,869,8,10
1066,704,7,10
1067,995,9,10
1068,1079,10,10
1069,1070,10,10
1070,1003,10,10
1071,953,9,10
1072,937,9,10
1073,1073,10,10
1074,1055,10,10
1075,986,9,10
1076,1004,10,10
1077,1032,10,10
1078,317,3,10
1079,1054,10,10
1080,810,8,10
1081,1033,10,10
1082,914,9,10
1083,771,7,10
1084,1047,10,10
1085,923,9,10
1086,812,8,10
1087,991,9,10
1088,789,7,10
1089,881,8,10
1090,743,7,10
1091,735,7,10
1092,1060,10,10
1093,726,7,10
1094,680,6,10
1095,936,9,10
1096,1082,10,10
1097,1067,10,10
1098,578,5,10
1099,982,9,10
1100,826,8,11
1101,739,7,11
1102,1167,11,11
1103,1071,10,11
1104,1180,11,11
1105,992,9,11
1106,1165,11,11
1107,603,6,11
1108,732,7,11
1109,1161,11,11
1110,1148,11,11
1111,1160,11,11
1112,1141,11,11
1113,1097,10,11
1114,893,8,11
1115,1100,11,11
1116,842,8,11
1117,1018,10,11
1118,754,7,11
1119,1006,10,11
1120,1023,10,11
1121,967,9,11
1122,1056,10,11
1123,1110,11,11
1124,1015,10,11
1125,1102,11,11
1126,926,9,11
1127,871,8,11
1128,1143,11,11
1129,1159,11,11
1130,1048,10,11
1131,1156,11,11
1132,1052,10,11
1133,834,8,11
1134,1026,10,11
1135,1042,10,11
1136,847,8,11
1137,684,6,11
1138,976,9,11
1139,987,9,11
1140,449,4,11
1141,852,8,11
1142,1131,11,11
1143,1171,11,11
1144,1188,11,11
1145,1124,11,11
1146,1087,10,11
1147,1114,11,11
1148,1139,11,11
1149,1195,11,11
1150,822,8,11
1151,981,9,11
1152,772,7,11
1153,941,9,11
1154,1066,10,11
1155,714,7,11
1156,1046,10,11
1157,1027,10,11
1158,1132,11,11
1159,932,9,11
1160,1089,10,11
1161,1069,10,11
1162,1004,10,11
1163,1106,11,11
1164,1014,10,11
1165,850,8,11
1166,1055,10,11
1167,704,7,11
1168,1177,11,11
1169,934,9,11
1170,973,9,11
1171,1054,10,11
1172,1115,11,11
1173,1133,11,11
1174,1073,10,11
1175,317,3,11
1176,915,9,11
1177,1064,10,11
1178,1117,11,11
1179,914,9,11
1180,1123,11,11
1181,936,9,11
1182,755,7,11
1183,1192,11,11
1184,1028,10,11
1185,1022,10,11
1186,1128,11,11
1187,1116,11,11
1188,1045,10,11
1189,1147,11,11
1190,1197,11,11
1191,1122,11,11
1192,820,8,11
1193,1094,10,11
1194,1047,10,11
1195,1175,11,11
1196,828,8,11
1197,968,9,11
1198,881,8,11
1199,869,8,11
1200,1232,12,12
1201,739,7,12
1202,603,6,12
1203,1208,12,12
1204,1165,11,12
1205,1167,11,12
1206,1285,12,12
1207,826,8,12
1208,1286,12,12
1209,732,7,12
1210,1161,11,12
1211,1160,11,12
1212,1238,12,12
1213,1097,10,12
1214,1141,11,12
1215,1261,12,12
1216,1244,12,12
1217,1237,12,12
1218,967,9,12
1219,1100,11,12
1220,1156,11,12
1221,1271,12,12
1222,834,8,12
1223,1015,10,12
1224,1102,11,12
1225,926,9,12
1226,1056,10,12
1227,1203,12,12
1228,1233,12,12
1229,1052,10,12
1230,1026,10,12
1231,847,8,12
1232,976,9,12
1233,987,9,12
1234,1131,11,12
1235,992,9,12
1236,1260,12,12
1237,1180,11,12
1238,1188,11,12
1239,449,4,12
1240,1148,11,12
1241,1114,11,12
1242,1275,12,12
1243,822,8,12
1244,981,9,12
1245,1087,10,12
1246,754,7,12
1247,850,8,12
1248,1006,10,12
1249,1023,10,12
1250,1269,12,12
1251,1066,10,12
1252,1280,12,12
1253,1048,10,12
1254,932,9,12
1255,1252,12,12
1256,1069,10,12
1257,1220,12,12
1258,1272,12,12
1259,1143,11,12
1260,871,8,12
1261,1018,10,12
1262,1235,12,12
1263,1133,11,12
1264,704,7,12
1265,973,9,12
1266,893,8,12
1267,1115,11,12
1268,915,9,12
1269,1277,12,12
1270,684,6,12
1271,1276,12,12
1272,1294,12,12
1273,1071,10,12
1274,828,8,12
1275,1022,10,12
1276,1278,12,12
1277,936,9,12
1278,1299,12,12
1279,1028,10,12
1280,1171,11,12
1281,1195,11,12
1282,772,7,12
1283,1197,11,12
1284,1283,12,12
1285,1281,12,12
1286,1117,11,12
1287,1293,12,12
1288,1139,11,12
1289,755,7,12
1290,1159,11,12
1291,1201,12,12
1292,714,7,12
1293,1209,12,12
1294,1234,12,12
1295,1027,10,12
1296,1089,10,12
1297,1224,12,12
1298,1259,12,12
1299,1045,10,12
1300,1367,13,13
1301,739,7,13
1302,603,6,13
1303,1208,12,13
1304,1165,11,13
1305,1286,12,13
1306,1285,12,13
1307,1167,11,13
1308,732,7,13
1309,1339,13,13
1310,1271,12,13
1311,1361,13,13
1312,1393,13,13
1313,1369,13,13
1314,1244,12,13
1315,1238,12,13
1316,834,8,13
1317,1237,12,13
1318,1261,12,13
1319,1100,11,13
1320,1156,11,13
1321,1097,10,13
1322,1160,11,13
1323,1348,13,13
1324,1309,13,13
1325,1383,13,13
1326,1337,13,13
1327,1233,12,13
1328,1314,13,13
1329,976,9,13
1330,992,9,13
1331,1322,13,13
1332,1232,12,13
1333,826,8,13
1334,1131,11,13
1335,1180,11,13
1336,449,4,13
1337,1114,11,13
1338,822,8,13
1339,1188,11,13
1340,1148,11,13
1341,1307,13,13
1342,1355,13,13
1343,1338,13,13
1344,1301,13,13
1345,1023,10,13
1346,1052,10,13
1347,1396,13,13
1348,754,7,13
1349,1069,10,13
1350,1269,12,13
1351,1342,13,13
1352,1312,13,13
1353,1347,13,13
1354,1143,11,13
1355,1203,12,13
1356,1015,10,13
1357,1102,11,13
1358,926,9,13
1359,1280,12,13
1360,1018,10,13
1361,1380,13,13
1362,1006,10,13
1363,1161,11,13
1364,1056,10,13
1365,704,7,13
1366,1115,11,13
1367,1356,13,13
1368,1350,13,13
1369,1326,13,13
1370,1087,10,13
1371,847,8,13
1372,684,6,13
1373,987,9,13
1374,1276,12,13
1375,1260,12,13
1376,1220,12,13
1377,1341,13,13
1378,1386,13,13
1379,1028,10,13
1380,1171,11,13
1381,973,9,13
1382,1317,13,13
1383,772,7,13
1384,1325,13,13
1385,1299,12,13
1386,755,7,13
1387,714,7,13
1388,1048,10,13
1389,1197,11,13
1390,1333,13,13
1391,1323,13,13
1392,1300,13,13
1393,1045,10,13
1394,1321,13,13
1395,1368,13,13
1396,893,8,13
1397,1235,12,13
1398,1159,11,13
1399,1066,10,13
1400,1367,13,14
1401,739,7,14
1402,1403,14,14
1403,1405,14,14
1404,1167,11,14
1405,1165,11,14
1406,1460,14,14
1407,1208,12,14
1408,732,7,14
1409,1428,14,14
1410,1271,12,14
1411,1459,14,14
1412,1369,13,14
1413,1244,12,14
1414,1461,14,14
1415,1393,13,14
1416,1261,12,14
1417,1427,14,14
1418,1156,11,14
1419,1435,14,14
1420,1348,13,14
1421,1237,12,14
1422,1436,14,14
1423,1420,14,14
1424,1100,11,14
1425,1337,13,14
1426,1450,14,14
1427,1233,12,14
1428,1412,14,14
1429,1433,14,14
1430,1286,12,14
1431,1361,13,14
1432,1097,10,14
1433,1309,13,14
1434,1472,14,14
1435,976,9,14
1436,992,9,14
1437,1322,13,14
1438,1131,11,14
1439,1285,12,14
1440,603,6,14
1441,1188,11,14
1442,1148,11,14
1443,1465,14,14
1444,1114,11,14
1445,1301,13,14
1446,1338,13,14
1447,1446,14,14
1448,1160,11,14
1449,1432,14,14
1450,1238,12,14
1451,1052,10,14
1452,1342,13,14
1453,1355,13,14
1454,1339,13,14
1455,1487,14,14
1456,754,7,14
1457,1102,11,14
1458,1413,14,14
1459,1269,12,14
1460,1423,14,14
1461,834,8,14
1462,1486,14,14
1463,1383,13,14
1464,1431,14,14
1465,1380,13,14
1466,1468,14,14
1467,1458,14,14
1468,1006,10,14
1469,1018,10,14
1470,1307,13,14
1471,1475,14,14
1472,1015,10,14
1473,1356,13,14
1474,1483,14,14
1475,1463,14,14
1476,1143,11,14
1477,1056,10,14
1478,847,8,14
1479,684,6,14
1480,1470,14,14
1481,1314,13,14
1482,449,4,14
1483,1260,12,14
1484,1232,12,14
1485,826,8,14
1486,1441,14,14
1487,1499,14,14
1488,1299,12,14
1489,1180,11,14
1490,1495,14,14
1491,1028,10,14
1492,1325,13,14
1493,1220,12,14
1494,772,7,14
1495,1421,14,14
1496,1066,10,14
1497,1048,10,14
1498,1425,14,14
1499,1490,14,14
1500,1596,15,15
1501,1367,13,15
1502,1167,11,15
1503,1507,15,15
1504,1530,15,15
1505,1165,11,15
1506,1403,14,15
1507,1516,15,15
1508,1501,15,15
1509,1520,15,15
1510,1553,15,15
1511,732,7,15
1512,739,7,15
1513,1208,12,15
1514,1572,15,15
1515,1459,14,15
1516,1551,15,15
1517,1244,12,15
1518,1461,14,15
1519,1393,13,15
1520,1561,15,15
1521,1237,12,15
1522,1436,14,15
1523,1591,15,15
1524,1337,13,15
1525,1420,14,15
1526,1503,15,15
1527,1512,15,15
1528,1581,15,15
1529,1427,14,15
1530,1532,15,15
1531,1433,14,15
1532,1460,14,15
1533,1348,13,15
1534,1309,13,15
1535,1472,14,15
1536,976,9,15
1537,1369,13,15
1538,1405,14,15
1539,603,6,15
1540,1188,11,15
1541,1545,15,15
1542,1595,15,15
1543,1546,15,15
1544,1525,15,15
1545,1550,15,15
1546,1015,10,15
1547,1465,14,15
1548,1549,15,15
1549,1322,13,15
1550,1114,11,15
1551,1339,13,15
1552,1432,14,15
1553,1542,15,15
1554,1487,14,15
1555,1554,15,15
1556,1527,15,15
1557,1261,12,15
1558,1431,14,15
1559,834,8,15
1560,1156,11,15
1561,1233,12,15
1562,1584,15,15
1563,1513,15,15
1564,1412,14,15
1565,1435,14,15
1566,1006,10,15
1567,1018,10,15
1568,1475,14,15
1569,1575,15,15
1570,1423,14,15
1571,1356,13,15
1572,1505,15,15
1573,1428,14,15
1574,1286,12,15
1575,1361,13,15
1576,1097,10,15
1577,1307,13,15
1578,1056,10,15
1579,847,8,15
1580,1470,14,15
1581,1314,13,15
1582,826,8,15
1583,1131,11,15
1584,1232,12,15
1585,1548,15,15
1586,1518,15,15
1587,1260,12,15
1588,449,4,15
1589,1325,13,15
1590,1598,15,15
1591,1579,15,15
1592,1421,14,15
1593,992,9,15
1594,1028,10,15
1595,1528,15,15
1596,1560,15,15
1597,1301,13,15
1598,1160,11,15
1599,772,7,15
1600,1670,16,16
1601,1367,13,16
1602,1635,16,16
1603,1634,16,16
1604,1610,16,16
1605,1165,11,16
1606,1516,15,16
1607,1501,15,16
1608,1600,16,16
1609,1520,15,16
1610,1403,14,16
1611,1639,16,16
1612,1572,15,16
1613,1459,14,16
1614,1551,15,16
1615,1244,12,16
1616,1618,16,16
1617,1393,13,16
1618,1674,16,16
1619,1665,16,16
1620,1656,16,16
1621,1591,15,16
1622,1503,15,16
1623,1337,13,16
1624,1581,15,16
1625,1692,16,16
1626,1436,14,16
1627,1617,16,16
1628,1427,14,16
1629,1433,14,16
1630,1532,15,16
1631,1208,12,16
1632,1461,14,16
1633,1237,12,16
1634,1460,14,16
1635,1596,15,16
1636,1472,14,16
1637,1507,15,16
1638,1167,11,16
1639,1188,11,16
1640,1699,16,16
1641,1546,15,16
1642,1553,15,16
1643,1638,16,16
1644,1530,15,16
1645,1624,16,16
1646,1631,16,16
1647,1694,16,16
1648,732,7,16
1649,1015,10,16
1650,1550,15,16
1651,1525,15,16
1652,1549,15,16
1653,1369,13,16
1654,1641,16,16
1655,1432,14,16
1656,1542,15,16
1657,1554,15,16
1658,1527,15,16
1659,1431,14,16
1660,834,8,16
1661,1513,15,16
1662,1561,15,16
1663,1666,16,16
1664,1609,16,16
1665,1614,16,16
1666,1156,11,16
1667,1584,15,16
1668,1233,12,16
1669,1505,15,16
1670,1412,14,16
1671,1512,15,16
1672,1616,16,16
1673,1475,14,16
1674,1677,16,16
1675,1575,15,16
1676,1420,14,16
1677,1322,13,16
1678,1261,12,16
1679,739,7,16
1680,1348,13,16
1681,1309,13,16
1682,603,6,16
1683,1545,15,16
1684,1595,15,16
1685,1006,10,16
1686,1428,14,16
1687,1286,12,16
1688,1361,13,16
1689,1307,13,16
1690,976,9,16
1691,1314,13,16
1692,1606,16,16
1693,826,8,16
1694,1232,12,16
1695,1405,14,16
1696,1260,12,16
1697,449,4,16
1698,1598,15,16
1699,1325,13,16
1700,1723,17,17
1701,1670,16,17
1702,1714,17,17
1703,1635,16,17
1704,1634,16,17
1705,1610,16,17
1706,1771,17,17
1707,1516,15,17
1708,1751,17,17
1709,1770,17,17
1710,1600,16,17
1711,1786,17,17
1712,1761,17,17
1713,1551,15,17
1714,1520,15,17
1715,1572,15,17
1716,1764,17,17
1717,1773,17,17
1718,1427,14,17
1719,1733,17,17
1720,1591,15,17
1721,1674,16,17
1722,1665,16,17
1723,1244,12,17
1724,1703,17,17
1725,1796,17,17
1726,1503,15,17
1727,1656,16,17
1728,1436,14,17
1729,1740,17,17
1730,1581,15,17
1731,1617,16,17
1732,1709,17,17
1733,1532,15,17
1734,1433,14,17
1735,1501,15,17
1736,1639,16,17
1737,1208,12,17
1738,1237,12,17
1739,1460,14,17
1740,1367,13,17
1741,1596,15,17
1742,1507,15,17
1743,1167,11,17
1744,1530,15,17
1745,1757,17,17
1746,1165,11,17
1747,1699,16,17
1748,1553,15,17
1749,1550,15,17
1750,1631,16,17
1751,1746,17,17
1752,1641,16,17
1753,1369,13,17
1754,1769,17,17
1755,1393,13,17
1756,1779,17,17
1757,1737,17,17
1758,732,7,17
1759,1512,15,17
1760,1505,15,17
1761,1618,16,17
1762,1722,17,17
1763,1459,14,17
1764,1513,15,17
1765,1337,13,17
1766,1768,17,17
1767,1554,15,17
1768,1624,16,17
1769,1614,16,17
1770,1701,17,17
1771,1760,17,17
1772,1766,17,17
1773,1777,17,17
1774,1710,17,17
1775,1542,15,17
1776,1677,16,17
1777,1412,14,17
1778,1420,14,17
1779,1775,17,17
1780,1461,14,17
1781,1561,15,17
1782,1584,15,17
1783,1475,14,17
1784,739,7,17
1785,1348,13,17
1786,1309,13,17
1787,1545,15,17
1788,1428,14,17
1789,1286,12,17
1790,1361,13,17
1791,1307,13,17
1792,1783,17,17
1793,1472,14,17
1794,1606,16,17
1795,1405,14,17
1796,1403,14,17
1797,1795,17,17
1798,1188,11,17
1799,1546,15,17
1800,1819,18,18
1801,1866,18,18
1802,1714,17,18
1803,1635,16,18
1804,1803,18,18
1805,1842,18,18
1806,1771,17,18
1807,1516,15,18
1808,1853,18,18
1809,1751,17,18
1810,1878,18,18
1811,1824,18,18
1812,1770,17,18
1813,1812,18,18
1814,1670,16,18
1815,1520,15,18
1816,1733,17,18
1817,1764,17,18
1818,1833,18,18
1819,1665,16,18
1820,1244,12,18
1821,1674,16,18
1822,1773,17,18
1823,1809,18,18
1824,1832,18,18
1825,1862,18,18
1826,1848,18,18
1827,1656,16,18
1828,1846,18,18
1829,1740,17,18
1830,1860,18,18
1831,1503,15,18
1832,1572,15,18
1833,1703,17,18
1834,1532,15,18
1835,1433,14,18
1836,1786,17,18
1837,1796,17,18
1838,1436,14,18
1839,1501,15,18
1840,1639,16,18
1841,1208,12,18
1842,1460,14,18
1843,1810,18,18
1844,1723,17,18
1845,1855,18,18
1846,1596,15,18
1847,1863,18,18
1848,1530,15,18
1849,1757,17,18
1850,1165,11,18
1851,1699,16,18
1852,1553,15,18
1853,1631,16,18
1854,1845,18,18
1855,1898,18,18
1856,1551,15,18
1857,1746,17,18
1858,1709,17,18
1859,1761,17,18
1860,1769,17,18
1861,1393,13,18
1862,1815,18,18
1863,1768,17,18
1864,1550,15,18
1865,1897,18,18
1866,1505,15,18
1867,1337,13,18
1868,1618,16,18
1869,1844,18,18
1870,1892,18,18
1871,1807,18,18
1872,1804,18,18
1873,1722,17,18
1874,1701,17,18
1875,1617,16,18
1876,1542,15,18
1877,1420,14,18
1878,1600,16,18
1879,1895,18,18
1880,1412,14,18
1881,1766,17,18
1882,1591,15,18
1883,1851,18,18
1884,1512,15,18
1885,1610,16,18
1886,1237,12,18
1887,1760,17,18
1888,1461,14,18
1889,1561,15,18
1890,1584,15,18
1891,739,7,18
1892,1348,13,18
1893,1309,13,18
1894,1545,15,18
1895,1428,14,18
1896,1286,12,18
1897,1361,13,18
1898,1367,13,18
1899,1783,17,18
1900,1819,18,19
1901,1866,18,19
1902,1963,19,19
1903,1924,19,19
1904,1803,18,19
1905,1994,19,19
1906,1842,18,19
1907,1961,19,19
1908,1824,18,19
1909,1908,19,19
1910,1770,17,19
1911,1812,18,19
1912,1948,19,19
1913,1878,18,19
1914,1733,17,19
1915,1901,19,19
1916,1751,17,19
1917,1833,18,19
1918,1520,15,19
1919,1674,16,19
1920,1927,19,19
1921,1503,15,19
1922,1996,19,19
1923,1958,19,19
1924,1832,18,19
1925,1988,19,19
1926,1656,16,19
1927,1912,19,19
1928,1846,18,19
1929,1920,19,19
1930,1740,17,19
1931,1572,15,19
1932,1433,14,19
1933,1999,19,19
1934,1848,18,19
1935,1914,19,19
1936,1670,16,19
1937,1809,18,19
1938,1786,17,19
1939,1796,17,19
1940,1436,14,19
1941,1501,15,19
1942,1810,18,19
1943,1723,17,19
1944,1981,19,19
1945,1942,19,19
1946,1974,19,19
1947,1771,17,19
1948,1516,15,19
1949,1951,19,19
1950,1764,17,19
1951,1853,18,19
1952,1898,18,19
1953,1746,17,19
1954,1769,17,19
1955,1979,19,19
1956,1913,19,19
1957,1773,17,19
1958,1962,19,19
1959,1703,17,19
1960,1897,18,19
1961,1505,15,19
1962,1892,18,19
1963,1862,18,19
1964,1244,12,19
1965,1964,19,19
1966,1931,19,19
1967,1949,19,19
1968,1895,18,19
1969,1990,19,19
1970,1618,16,19
1971,1709,17,19
1972,1845,18,19
1973,1701,17,19
1974,1665,16,19
1975,1860,18,19
1976,1600,16,19
1977,1532,15,19
1978,1542,15,19
1979,1768,17,19
1980,1512,15,19
1981,1639,16,19
1982,1208,12,19
1983,1460,14,19
1984,1461,14,19
1985,1561,15,19
1986,1348,13,19
1987,1596,15,19
1988,1367,13,19
1989,1863,18,19
1990,1635,16,19
1991,1855,18,19
1992,1165,11,19
1993,1714,17,19
1994,1699,16,19
1995,1550,15,19
1996,1851,18,19
1997,1761,17,19
1998,1553,15,19
1999,1930,19,19
2000,2051,20,20
2001,2087,20,20
2002,2039,20,20
2003,1803,18,20
2004,2072,20,20
2005,1961,19,20
2006,1994,19,20
2007,1842,18,20
2008,1812,18,20
2009,2052,20,20
2010,1908,19,20
2011,2033,20,20
2012,1824,18,20
2013,1751,17,20
2014,1948,19,20
2015,1770,17,20
2016,2012,20,20
2017,2061,20,20
2018,1503,15,20
2019,2046,20,20
2020,1920,19,20
2021,2088,20,20
2022,2062,20,20
2023,1999,19,20
2024,2036,20,20
2025,1996,19,20
2026,2056,20,20
2027,1520,15,20
2028,1674,16,20
2029,2007,20,20
2030,1832,18,20
2031,1927,19,20
2032,1733,17,20
2033,1572,15,20
2034,1848,18,20
2035,1901,19,20
2036,2017,20,20
2037,1988,19,20
2038,2074,20,20
2039,1963,19,20
2040,1878,18,20
2041,1809,18,20
2042,1796,17,20
2043,2010,20,20
2044,1819,18,20
2045,1981,19,20
2046,1974,19,20
2047,2041,20,20
2048,1516,15,20
2049,1771,17,20
2050,1656,16,20
2051,1764,17,20
2052,1853,18,20
2053,1769,17,20
2054,1942,19,20
2055,1833,18,20
2056,2035,20,20
2057,1979,19,20
2058,1895,18,20
2059,2029,20,20
2060,2044,20,20
2061,1244,12,20
2062,1773,17,20
2063,1958,19,20
2064,1505,15,20
2065,1703,17,20
2066,1892,18,20
2067,1709,17,20
2068,1912,19,20
2069,1846,18,20
2070,1618,16,20
2071,1990,19,20
2072,1740,17,20
2073,1845,18,20
2074,2064,20,20
2075,2049,20,20
2076,1600,16,20
2077,2082,20,20
2078,1433,14,20
2079,1914,19,20
2080,1786,17,20
2081,1436,14,20
2082,1501,15,20
2083,1862,18,20
2084,1639,16,20
2085,1208,12,20
2086,1460,14,20
2087,1461,14,20
2088,1866,18,20
2089,1723,17,20
2090,2038,20,20
2091,2071,20,20
2092,1863,18,20
2093,2067,20,20
2094,1761,17,20
2095,1165,11,20
2096,1924,19,20
2097,1699,16,20
2098,1635,16,20
2099,1746,17,20
2100,2171,21,21
2101,2087,20,21
2102,2039,20,21
2103,2072,20,21
2104,1803,18,21
2105,1842,18,21
2106,2163,21,21
2107,2114,21,21
2108,1994,19,21
2109,2115,21,21
2110,2186,21,21
2111,2122,21,21
2112,2052,20,21
2113,2061,20,21
2114,2033,20,21
2115,2143,21,21
2116,1961,19,21
2117,1908,19,21
2118,2012,20,21
2119,1503,15,21
2120,1674,16,21
2121,2185,21,21
2122,2062,20,21
2123,2046,20,21
2124,1572,15,21
2125,2192,21,21
2126,2194,21,21
2127,1963,19,21
2128,1878,18,21
2129,2118,21,21
2130,2010,20,21
2131,1981,19,21
2132,2105,21,21
2133,1771,17,21
2134,2121,21,21
2135,2108,21,21
2136,1942,19,21
2137,2175,21,21
2138,1824,18,21
2139,1751,17,21
2140,2007,20,21
2141,1773,17,21
2142,2113,21,21
2143,1996,19,21
2144,1770,17,21
2145,2044,20,21
2146,1832,18,21
2147,2124,21,21
2148,1833,18,21
2149,2056,20,21
2150,2036,20,21
2151,2135,21,21
2152,2196,21,21
2153,1958,19,21
2154,2111,21,21
2155,2102,21,21
2156,1912,19,21
2157,1740,17,21
2158,2116,21,21
2159,1520,15,21
2160,1948,19,21
2161,1901,19,21
2162,1999,19,21
2163,1848,18,21
2164,2017,20,21
2165,2041,20,21
2166,2144,21,21
2167,2162,21,21
2168,2182,21,21
2169,1927,19,21
2170,2049,20,21
2171,1914,19,21
2172,1796,17,21
2173,1600,16,21
2174,1786,17,21
2175,1501,15,21
2176,2051,20,21
2177,1866,18,21
2178,2038,20,21
2179,1974,19,21
2180,2157,21,21
2181,1635,16,21
2182,1516,15,21
2183,1924,19,21
2184,2082,20,21
2185,2074,20,21
2186,1656,16,21
2187,2029,20,21
2188,1853,18,21
2189,1769,17,21
2190,1895,18,21
2191,2146,21,21
2192,1979,19,21
2193,2155,21,21
2194,2154,21,21
2195,1892,18,21
2196,1505,15,21
2197,2134,21,21
2198,1244,12,21
2199,1812,18,21
2200,2205,22,22
2201,2291,22,22
2202,2039,20,22
2203,2258,22,22
2204,2262,22,22
2205,2298,22,22
2206,2114,21,22
2207,2261,22,22
2208,2115,21,22
2209,2248,22,22
2210,2122,21,22
2211,2186,21,22
2212,2061,20,22
2213,2282,22,22
2214,2163,21,22
2215,2253,22,22
2216,1961,19,22
2217,1908,19,22
2218,2012,20,22
2219,2046,20,22
2220,2143,21,22
2221,2033,20,22
2222,2211,22,22
2223,2272,22,22
2224,2265,22,22
2225,2062,20,22
2226,1572,15,22
2227,2185,21,22
2228,1803,18,22
2229,2206,22,22
2230,2072,20,22
2231,1994,19,22
2232,2052,20,22
2233,1963,19,22
2234,1878,18,22
2235,2171,21,22
2236,2087,20,22
2237,2010,20,22
2238,2256,22,22
2239,1981,19,22
2240,2121,21,22
2241,2292,22,22
2242,2108,21,22
2243,1842,18,22
2244,2207,22,22
2245,1773,17,22
2246,2175,21,22
2247,2240,22,22
2248,1996,19,22
2249,2203,22,22
2250,2232,22,22
2251,1999,19,22
2252,1770,17,22
2253,2036,20,22
2254,2249,22,22
2255,2135,21,22
2256,2244,22,22
2257,1832,18,22
2258,2056,20,22
2259,2111,21,22
2260,1674,16,22
2261,2295,22,22
2262,2192,21,22
2263,2225,22,22
2264,2277,22,22
2265,1751,17,22
2266,2044,20,22
2267,1912,19,22
2268,2194,21,22
2269,1942,19,22
2270,1520,15,22
2271,2260,22,22
2272,2280,22,22
2273,2267,22,22
2274,1948,19,22
2275,2238,22,22
2276,2196,21,22
2277,2162,21,22
2278,2041,20,22
2279,2226,22,22
2280,2273,22,22
2281,2007,20,22
2282,2284,22,22
2283,1503,15,22
2284,1824,18,22
2285,1901,19,22
2286,2017,20,22
2287,2182,21,22
2288,1796,17,22
2289,2296,22,22
2290,1866,18,22
2291,2105,21,22
2292,2038,20,22
2293,1635,16,22
2294,2074,20,22
2295,1924,19,22
2296,1516,15,22
2297,1771,17,22
2298,2299,22,22
2299,1656,16,22
2300,2205,22,23
2301,2291,22,23
2302,2039,20,23
2303,2313,23,23
2304,2258,22,23
2305,2376,23,23
2306,2334,23,23
2307,2163,21,23
2308,2344,23,23
2309,2388,23,23
2310,2338,23,23
2311,2387,23,23
2312,2314,23,23
2313,2186,21,23
2314,2253,22,23
2315,1908,19,23
2316,2324,23,23
2317,2012,20,23
2318,2143,21,23
2319,2062,20,23
2320,2326,23,23
2321,2115,21,23
2322,1961,19,23
2323,2171,21,23
2324,2087,20,23
2325,2311,23,23
2326,2372,23,23
2327,2262,22,23
2328,2360,23,23
2329,2298,22,23
2330,2114,21,23
2331,2248,22,23
2332,2010,20,23
2333,2122,21,23
2334,2061,20,23
2335,2211,22,23
2336,2282,22,23
2337,2373,23,23
2338,2320,23,23
2339,2207,22,23
2340,2339,23,23
2341,2303,23,23
2342,2310,23,23
2343,2033,20,23
2344,2121,21,23
2345,2304,23,23
2346,2345,23,23
2347,2111,21,23
2348,2322,23,23
2349,2261,22,23
2350,2232,22,23
2351,2036,20,23
2352,1572,15,23
2353,2265,22,23
2354,1803,18,23
2355,2185,21,23
2356,2240,22,23
2357,2316,23,23
2358,2206,22,23
2359,2337,23,23
2360,2260,22,23
2361,2365,23,23
2362,2072,20,23
2363,1994,19,23
2364,2052,20,23
2365,1963,19,23
2366,1878,18,23
2367,1773,17,23
2368,2267,22,23
2369,1824,18,23
2370,1901,19,23
2371,2296,22,23
2372,1866,18,23
2373,1981,19,23
2374,2374,23,23
2375,2108,21,23
2376,1842,18,23
2377,2305,23,23
2378,2292,22,23
2379,1771,17,23
2380,2175,21,23
2381,2375,23,23
2382,2272,22,23
2383,1924,19,23
2384,2299,22,23
2385,2256,22,23
2386,2280,22,23
2387,2394,23,23
2388,2328,23,23
2389,2333,23,23
2390,1942,19,23
2391,2284,22,23
2392,2046,20,23
2393,2044,20,23
2394,1770,17,23
2395,2364,23,23
2396,2244,22,23
2397,2056,20,23
2398,2351,23,23
2399,2194,21,23
2400,2433,24,24
2401,2475,24,24
2402,2479,24,24
2403,2446,24,24
2404,2186,21,24
2405,2334,23,24
2406,2338,23,24
2407,2039,20,24
2408,2344,23,24
2409,2403,24,24
2410,2454,24,24
2411,2443,24,24
2412,2314,23,24
2413,2464,24,24
2414,2324,23,24
2415,1908,19,24
2416,2387,23,24
2417,2062,20,24
2418,2326,23,24
2419,2115,21,24
2420,1961,19,24
2421,2205,22,24
2422,2291,22,24
2423,2495,24,24
2424,2400,24,24
2425,2311,23,24
2426,2376,23,24
2427,2033,20,24
2428,2258,22,24
2429,2298,22,24
2430,2163,21,24
2431,2416,24,24
2432,2499,24,24
2433,2490,24,24
2434,2121,21,24
2435,2207,22,24
2436,2303,23,24
2437,2339,23,24
2438,2310,23,24
2439,2345,23,24
2440,2304,23,24
2441,2261,22,24
2442,2232,22,24
2443,2265,22,24
2444,2036,20,24
2445,2316,23,24
2446,2472,24,24
2447,2253,22,24
2448,2365,23,24
2449,2072,20,24
2450,1963,19,24
2451,1773,17,24
2452,2267,22,24
2453,1824,18,24
2454,2411,24,24
2455,2171,21,24
2456,2313,23,24
2457,2360,23,24
2458,2372,23,24
2459,2438,24,24
2460,2394,23,24
2461,2374,23,24
2462,2262,22,24
2463,2320,23,24
2464,2388,23,24
2465,2248,22,24
2466,2299,22,24
2467,2333,23,24
2468,2010,20,24
2469,1771,17,24
2470,2012,20,24
2471,2256,22,24
2472,2305,23,24
2473,2260,22,24
2474,2375,23,24
2475,2143,21,24
2476,1803,18,24
2477,2436,24,24
2478,2477,24,24
2479,2322,23,24
2480,2087,20,24
2481,2206,22,24
2482,1994,19,24
2483,1901,19,24
2484,1981,19,24
2485,2492,24,24
2486,2296,22,24
2487,2428,24,24
2488,1924,19,24
2489,2292,22,24
2490,2108,21,24
2491,1842,18,24
2492,2114,21,24
2493,2280,22,24
2494,2122,21,24
2495,2412,24,24
2496,2429,24,24
2497,2373,23,24
2498,2282,22,24
2499,1942,19,24
2500,2433,24,25
2501,2475,24,25
2502,2525,25,25
2503,2479,24,25
2504,2511,25,25
2505,2569,25,25
2506,2592,25,25
2507,2338,23,25
2508,2039,20,25
2509,2599,25,25
2510,2403,24,25
2511,2594,25,25
2512,2543,25,25
2513,2532,25,25
2514,2529,25,25
2515,2443,24,25
2516,2314,23,25
2517,2587,25,25
2518,2324,23,25
2519,2387,23,25
2520,1908,19,25
2521,2062,20,25
2522,2446,24,25
2523,2186,21,25
2524,2326,23,25
2525,2334,23,25
2526,2464,24,25
2527,2115,21,25
2528,1961,19,25
2529,2573,25,25
2530,2205,22,25
2531,2291,22,25
2532,2495,24,25
2533,2400,24,25
2534,2507,25,25
2535,2376,23,25
2536,2033,20,25
2537,2454,24,25
2538,2504,25,25
2539,2416,24,25
2540,2163,21,25
2541,2551,25,25
2542,2344,23,25
2543,2490,24,25
2544,2207,22,25
2545,2339,23,25
2546,2557,25,25
2547,2310,23,25
2548,2261,22,25
2549,2303,23,25
2550,2232,22,25
2551,2265,22,25
2552,2561,25,25
2553,2036,20,25
2554,2316,23,25
2555,2576,25,25
2556,2253,22,25
2557,2345,23,25
2558,2072,20,25
2559,1963,19,25
2560,1824,18,25
2561,2411,24,25
2562,2171,21,25
2563,2313,23,25
2564,2372,23,25
2565,2394,23,25
2566,2501,25,25
2567,2262,22,25
2568,2320,23,25
2569,2298,22,25
2570,2248,22,25
2571,2499,24,25
2572,2591,25,25
2573,2311,23,25
2574,2299,22,25
2575,2010,20,25
2576,2333,23,25
2577,2012,20,25
2578,2516,25,25
2579,2521,25,25
2580,2537,25,25
2581,2527,25,25
2582,2588,25,25
2583,2304,23,25
2584,2121,21,25
2585,1803,18,25
2586,1771,17,25
2587,2477,24,25
2588,2581,25,25
2589,2577,25,25
2590,2590,25,25
2591,1773,17,25
2592,2438,24,25
2593,2087,20,25
2594,2206,22,25
2595,1994,19,25
2596,1981,19,25
2597,2492,24,25
2598,2296,22,25
2599,2436,24,25
2600,2433,24,26
2601,2475,24,26
2602,2525,25,26
2603,2479,24,26
2604,2671,26,26
2605,2569,25,26
2606,2685,26,26
2607,2674,26,26
2608,2403,24,26
2609,2649,26,26
2610,2039,20,26
2611,2673,26,26
2612,2635,26,26
2613,2443,24,26
2614,2543,25,26
2615,2532,25,26
2616,2634,26,26
2617,2324,23,26
2618,2529,25,26
2619,2599,25,26
2620,2666,26,26
2621,2062,20,26
2622,2338,23,26
2623,2446,24,26
2624,2511,25,26
2625,1908,19,26
2626,2643,26,26
2627,2314,23,26
2628,2587,25,26
2629,2464,24,26
2630,2115,21,26
2631,1961,19,26
2632,2573,25,26
2633,2205,22,26
2634,2291,22,26
2635,2639,26,26
2636,2163,21,26
2637,2504,25,26
2638,2697,26,26
2639,2495,24,26
2640,2416,24,26
2641,2507,25,26
2642,2376,23,26
2643,2344,23,26
2644,2657,26,26
2645,2696,26,26
2646,2490,24,26
2647,2619,26,26
2648,2604,26,26
2649,2594,25,26
2650,2207,22,26
2651,2592,25,26
2652,2454,24,26
2653,2557,25,26
2654,2303,23,26
2655,2387,23,26
2656,2611,26,26
2657,2561,25,26
2658,2326,23,26
2659,2186,21,26
2660,2316,23,26
2661,2652,26,26
2662,2576,25,26
2663,2618,26,26
2664,2334,23,26
2665,2345,23,26
2666,2682,26,26
2667,2171,21,26
2668,2636,26,26
2669,2613,26,26
2670,2400,24,26
2671,2610,26,26
2672,2658,26,26
2673,2676,26,26
2674,2253,22,26
2675,2501,25,26
2676,2298,22,26
2677,2248,22,26
2678,2499,24,26
2679,2551,25,26
2680,2624,26,26
2681,2678,26,26
2682,2642,26,26
2683,2516,25,26
2684,1803,18,26
2685,2622,26,26
2686,2521,25,26
2687,2261,22,26
2688,2602,26,26
2689,2631,26,26
2690,2121,21,26
2691,2662,26,26
2692,2638,26,26
2693,2304,23,26
2694,2072,20,26
2695,1963,19,26
2696,1773,17,26
2697,1994,19,26
2698,2411,24,26
2699,2296,22,26
2700,2743,27,27
2701,2433,24,27
2702,2525,25,27
2703,2716,27,27
2704,2759,27,27
2705,2671,26,27
2706,2685,26,27
2707,2760,27,27
2708,2674,26,27
2709,2479,24,27
2710,2707,27,27
2711,2792,27,27
2712,2039,20,27
2713,2733,27,27
2714,2739,27,27
2715,2710,27,27
2716,2797,27,27
2717,2599,25,27
2718,2446,24,27
2719,2723,27,27
2720,2062,20,27
2721,2666,26,27
2722,2529,25,27
2723,2543,25,27
2724,2703,27,27
2725,2511,25,27
2726,1908,19,27
2727,2643,26,27
2728,2635,26,27
2729,2314,23,27
2730,2115,21,27
2731,2475,24,27
2732,2205,22,27
2733,2291,22,27
2734,2639,26,27
2735,2569,25,27
2736,2730,27,27
2737,2697,26,27
2738,2794,27,27
2739,2700,27,27
2740,2504,25,27
2741,2789,27,27
2742,2403,24,27
2743,2594,25,27
2744,2592,25,27
2745,2532,25,27
2746,2772,27,27
2747,2757,27,27
2748,2619,26,27
2749,2741,27,27
2750,2324,23,27
2751,2344,23,27
2752,2303,23,27
2753,2715,27,27
2754,2758,27,27
2755,2387,23,27
2756,2746,27,27
2757,2611,26,27
2758,2711,27,27
2759,2207,22,27
2760,2326,23,27
2761,2186,21,27
2762,2634,26,27
2763,2652,26,27
2764,2443,24,27
2765,2587,25,27
2766,2464,24,27
2767,1961,19,27
2768,2334,23,27
2769,2734,27,27
2770,2171,21,27
2771,2727,27,27
2772,2400,24,27
2773,2717,27,27
2774,2495,24,27
2775,2721,27,27
2776,2658,26,27
2777,2376,23,27
2778,2649,26,27
2779,2507,25,27
2780,2673,26,27
2781,2551,25,27
2782,2657,26,27
2783,2490,24,27
2784,2696,26,27
2785,2708,27,27
2786,2762,27,27
2787,2622,26,27
2788,2604,26,27
2789,2298,22,27
2790,2454,24,27
2791,2338,23,27
2792,2678,26,27
2793,2521,25,27
2794,2261,22,27
2795,2557,25,27
2796,2795,27,27
2797,2750,27,27
2798,2316,23,27
2799,2774,27,27
2800,2743,27,28
2801,2433,24,28
2802,2820,28,28
2803,2716,27,28
2804,2860,28,28
2805,2710,27,28
2806,2881,28,28
2807,2760,27,28
2808,2802,28,28
2809,2895,28,28
2810,2479,24,28
2811,2707,27,28
2812,2674,26,28
2813,2866,28,28
2814,2039,20,28
2815,2723,27,28
2816,2733,27,28
2817,2739,27,28
2818,2685,26,28
2819,2832,28,28
2820,2874,28,28
2821,2543,25,28
2822,2759,27,28
2823,2703,27,28
2824,2511,25,28
2825,2446,24,28
2826,2893,28,28
2827,2525,25,28
2828,2475,24,28
2829,2205,22,28
2830,2291,22,28
2831,2639,26,28
2832,2810,28,28
2833,2730,27,28
2834,2794,27,28
2835,2504,25,28
2836,2806,28,28
2837,2403,24,28
2838,2847,28,28
2839,2594,25,28
2840,2599,25,28
2841,2697,26,28
2842,2700,27,28
2843,2757,27,28
2844,2532,25,28
2845,2772,27,28
2846,2889,28,28
2847,2884,28,28
2848,2619,26,28
2849,2529,25,28
2850,2671,26,28
2851,2324,23,28
2852,2813,28,28
2853,2876,28,28
2854,2834,28,28
2855,2186,21,28
2856,1908,19,28
2857,2643,26,28
2858,2062,20,28
2859,2871,28,28
2860,2792,27,28
2861,2635,26,28
2862,2314,23,28
2863,2115,21,28
2864,2569,25,28
2865,2758,27,28
2866,2443,24,28
2867,1961,19,28
2868,2850,28,28
2869,2171,21,28
2870,2727,27,28
2871,2400,24,28
2872,2825,28,28
2873,2807,28,28
2874,2673,26,28
2875,2658,26,28
2876,2863,28,28
2877,2805,28,28
2878,2507,25,28
2879,2721,27,28
2880,2551,25,28
2881,2657,26,28
2882,2696,26,28
2883,2817,28,28
2884,2741,27,28
2885,2666,26,28
2886,2892,28,28
2887,2604,26,28
2888,2592,25,28
2889,2717,27,28
2890,2303,23,28
2891,2611,26,28
2892,2715,27,28
2893,2746,27,28
2894,2795,27,28
2895,2774,27,28
2896,2495,24,28
2897,2338,23,28
2898,2326,23,28
2899,2854,28,28
2900,2901,29,29
2901,2433,24,29
2902,2986,29,29
2903,2743,27,29
2904,2956,29,29
2905,2820,28,29
2906,2946,29,29
2907,2860,28,29
2908,2710,27,29
2909,2716,27,29
2910,2913,29,29
2911,2917,29,29
2912,2866,28,29
2913,2955,29,29
2914,2685,26,29
2915,2912,29,29
2916,2944,29,29
2917,2739,27,29
2918,2511,25,29
2919,2759,27,29
2920,2915,29,29
2921,2957,29,29
2922,2802,28,29
2923,2933,29,29
2924,2703,27,29
2925,2893,28,29
2926,2525,25,29
2927,2475,24,29
2928,2205,22,29
2929,2730,27,29
2930,2981,29,29
2931,2945,29,29
2932,2881,28,29
2933,2895,28,29
2934,2806,28,29
2935,2403,24,29
2936,2707,27,29
2937,2963,29,29
2938,2757,27,29
2939,2909,29,29
2940,2671,26,29
2941,2996,29,29
2942,2039,20,29
2943,2927,29,29
2944,2324,23,29
2945,2990,29,29
2946,2543,25,29
2947,2479,24,29
2948,2723,27,29
2949,2733,27,29
2950,2062,20,29
2951,2529,25,29
2952,2906,29,29
2953,2920,29,29
2954,2874,28,29
2955,2532,25,29
2956,2446,24,29
2957,1908,19,29
2958,2643,26,29
2959,2937,29,29
2960,2619,26,29
2961,2832,28,29
2962,2443,24,29
2963,1961,19,29
2964,2850,28,29
2965,2171,21,29
2966,2760,27,29
2967,2817,28,29
2968,2810,28,29
2969,2967,29,29
2970,2674,26,29
2971,2926,29,29
2972,2863,28,29
2973,2504,25,29
2974,2847,28,29
2975,2697,26,29
2976,2599,25,29
2977,2507,25,29
2978,2807,28,29
2979,2772,27,29
2980,2876,28,29
2981,2813,28,29
2982,2889,28,29
2983,2949,29,29
2984,2741,27,29
2985,2604,26,29
2986,2918,29,29
2987,2834,28,29
2988,2639,26,29
2989,2854,28,29
2990,2715,27,29
2991,2871,28,29
2992,2792,27,29
2993,2635,26,29
2994,2314,23,29
2995,2115,21,29
2996,2569,25,29
2997,2758,27,29
2998,2921,29,29
2999,2291,22,29
3000,2901,29,30
3001,2433,24,30
3002,3014,30,30
3003,2956,29,30
3004,2743,27,30
3005,3094,30,30
3006,2913,29,30
3007,3073,30,30
3008,3093,30,30
3009,3046,30,30
3010,3036,30,30
3011,2710,27,30
3012,2917,29,30
3013,2820,28,30
3014,2955,29,30
3015,2866,28,30
3016,2946,29,30
3017,3081,30,30
3018,2912,29,30
3019,2739,27,30
3020,2511,25,30
3021,2915,29,30
3022,3076,30,30
3023,3099,30,30
3024,2944,29,30
3025,3091,30,30
3026,2759,27,30
3027,2802,28,30
3028,3038,30,30
3029,2986,29,30
3030,2860,28,30
3031,2685,26,30
3032,2703,27,30
3033,2893,28,30
3034,2525,25,30
3035,2475,24,30
3036,2205,22,30
3037,2730,27,30
3038,3020,30,30
3039,3011,30,30
3040,2933,29,30
3041,3042,30,30
3042,2895,28,30
3043,2806,28,30
3044,2963,29,30
3045,2707,27,30
3046,2671,26,30
3047,2723,27,30
3048,3087,30,30
3049,2996,29,30
3050,3068,30,30
3051,2039,20,30
3052,3059,30,30
3053,2957,29,30
3054,2757,27,30
3055,2990,29,30
3056,2543,25,30
3057,2479,24,30
3058,2733,27,30
3059,2874,28,30
3060,2981,29,30
3061,3066,30,30
3062,3029,30,30
3063,3054,30,30
3064,2920,29,30
3065,3053,30,30
3066,2945,29,30
3067,2619,26,30
3068,3008,30,30
3069,2937,29,30
3070,2443,24,30
3071,2850,28,30
3072,2171,21,30
3073,2760,27,30
3074,3057,30,30
3075,2817,28,30
3076,3069,30,30
3077,2847,28,30
3078,3027,30,30
3079,2863,28,30
3080,2504,25,30
3081,2810,28,30
3082,2697,26,30
3083,2881,28,30
3084,2906,29,30
3085,2909,29,30
3086,2529,25,30
3087,2772,27,30
3088,2889,28,30
3089,2918,29,30
3090,2927,29,30
3091,2639,26,30
3092,3084,30,30
3093,3077,30,30
3094,3017,30,30
3095,3033,30,30
3096,2532,25,30
3097,3031,30,30
3098,2446,24,30
3099,3021,30,30
3100,2901,29,31
3101,2433,24,31
3102,3114,31,31
3103,3148,31,31
3104,3182,31,31
3105,2917,29,31
3106,3153,31,31
3107,3171,31,31
3108,3014,30,31
3109,3036,30,31
3110,3156,31,31
3111,3117,31,31
3112,2955,29,31
3113,3120,31,31
3114,2912,29,31
3115,3046,30,31
3116,2511,25,31
3117,3103,31,31
3118,2915,29,31
3119,3076,30,31
3120,3099,30,31
3121,2944,29,31
3122,2739,27,31
3123,2946,29,31
3124,2986,29,31
3125,2703,27,31
3126,3109,31,31
3127,3151,31,31
3128,3135,31,31
3129,2956,29,31
3130,3094,30,31
3131,3113,31,31
3132,2743,27,31
3133,3122,31,31
3134,3093,30,31
3135,3134,31,31
3136,3059,30,31
3137,2710,27,31
3138,2723,27,31
3139,2820,28,31
3140,2707,27,31
3141,2866,28,31
3142,3087,30,31
3143,3081,30,31
3144,2957,29,31
3145,2543,25,31
3146,3138,31,31
3147,3008,30,31
3148,2806,28,31
3149,3164,31,31
3150,3066,30,31
3151,2685,26,31
3152,2893,28,31
3153,2525,25,31
3154,2475,24,31
3155,2205,22,31
3156,2730,27,31
3157,3020,30,31
3158,3073,30,31
3159,3042,30,31
3160,2913,29,31
3161,3192,31,31
3162,2895,28,31
3163,2697,26,31
3164,2863,28,31
3165,3068,30,31
3166,2757,27,31
3167,2810,28,31
3168,2909,29,31
3169,3176,31,31
3170,2990,29,31
3171,2927,29,31
3172,2981,29,31
3173,3162,31,31
3174,3126,31,31
3175,3102,31,31
3176,3091,30,31
3177,2906,29,31
3178,2874,28,31
3179,3031,30,31
3180,2759,27,31
3181,2937,29,31
3182,2802,28,31
3183,3038,30,31
3184,2860,28,31
3185,2443,24,31
3186,2850,28,31
3187,2171,21,31
3188,3155,31,31
3189,3145,31,31
3190,2847,28,31
3191,3011,30,31
3192,2933,29,31
3193,3168,31,31
3194,2532,25,31
3195,2963,29,31
3196,2039,20,31
3197,2671,26,31
3198,3160,31,31
3199,3129,31,31
3200,2901,29,32
3201,2433,24,32
3202,3114,31,32
3203,3148,31,32
3204,3224,32,32
3205,3263,32,32
3206,3153,31,32
3207,3014,30,32
3208,3182,31,32
3209,3230,32,32
3210,3117,31,32
3211,2955,29,32
3212,3036,30,32
3213,3203,32,32
3214,3171,31,32
3215,3205,32,32
3216,3221,32,32
3217,3236,32,32
3218,3103,31,32
3219,2915,29,32
3220,3156,31,32
3221,3099,30,32
3222,3076,30,32
3223,3271,32,32
3224,2739,27,32
3225,2944,29,32
3226,3294,32,32
3227,2917,29,32
3228,2986,29,32
3229,2703,27,32
3230,3254,32,32
3231,3109,31,32
3232,3226,32,32
3233,2956,29,32
3234,3094,30,32
3235,3122,31,32
3236,3222,32,32
3237,3250,32,32
3238,3113,31,32
3239,2710,27,32
3240,2723,27,32
3241,2707,27,32
3242,3093,30,32
3243,3299,32,32
3244,2866,28,32
3245,3120,31,32
3246,3275,32,32
3247,3081,30,32
3248,2543,25,32
3249,3138,31,32
3250,2511,25,32
3251,2806,28,32
3252,3046,30,32
3253,2912,29,32
3254,3219,32,32
3255,2946,29,32
3256,2685,26,32
3257,3151,31,32
3258,2205,22,32
3259,3262,32,32
3260,3135,31,32
3261,2743,27,32
3262,3059,30,32
3263,3282,32,32
3264,2913,29,32
3265,3192,31,32
3266,3267,32,32
3267,2757,27,32
3268,3068,30,32
3269,2810,28,32
3270,2863,28,32
3271,3273,32,32
3272,3087,30,32
3273,2957,29,32
3274,3162,31,32
3275,2697,26,32
3276,3091,30,32
3277,3251,32,32
3278,3008,30,32
3279,3164,31,32
3280,3066,30,32
3281,2759,27,32
3282,2937,29,32
3283,2802,28,32
3284,3038,30,32
3285,2820,28,32
3286,2893,28,32
3287,2525,25,32
3288,3073,30,32
3289,2860,28,32
3290,2443,24,32
3291,2475,24,32
3292,2171,21,32
3293,3220,32,32
3294,3290,32,32
3295,3134,31,32
3296,2933,29,32
3297,3176,31,32
3298,3248,32,32
3299,3011,30,32
3300,2901,29,33
3301,2433,24,33
3302,3114,31,33
3303,3224,32,33
3304,3336,33,33
3305,3263,32,33
3306,3322,33,33
3307,3182,31,33
3308,3230,32,33
3309,3366,33,33
3310,3117,31,33
3311,3354,33,33
3312,3311,33,33
3313,3171,31,33
3314,3340,33,33
3315,3390,33,33
3316,3148,31,33
3317,3203,32,33
3318,3306,33,33
3319,3389,33,33
3320,3076,30,33
3321,3036,30,33
3322,2915,29,33
3323,3236,32,33
3324,3331,33,33
3325,3359,33,33
3326,3335,33,33
3327,3310,33,33
3328,2739,27,33
3329,2944,29,33
3330,3153,31,33
3331,3014,30,33
3332,3271,32,33
3333,3294,32,33
3334,2917,29,33
3335,2986,29,33
3336,2703,27,33
3337,3254,32,33
3338,3109,31,33
3339,3380,33,33
3340,3226,32,33
3341,3315,33,33
3342,2723,27,33
3343,3347,33,33
3344,3222,32,33
3345,2710,27,33
3346,3382,33,33
3347,3093,30,33
3348,3348,33,33
3349,2955,29,33
3350,3081,30,33
3351,3384,33,33
3352,3120,31,33
3353,3221,32,33
3354,3103,31,33
3355,3398,33,33
3356,2806,28,33
3357,3275,32,33
3358,3317,33,33
3359,3099,30,33
3360,2543,25,33
3361,2946,29,33
3362,2685,26,33
3363,3377,33,33
3364,2205,22,33
3365,2956,29,33
3366,3135,31,33
3367,3094,30,33
3368,2743,27,33
3369,3113,31,33
3370,3122,31,33
3371,3379,33,33
3372,3302,33,33
3373,3273,32,33
3374,3364,33,33
3375,3205,32,33
3376,3267,32,33
3377,3299,32,33
3378,2707,27,33
3379,2863,28,33
3380,3087,30,33
3381,2957,29,33
3382,3162,31,33
3383,3368,33,33
3384,2511,25,33
3385,2697,26,33
3386,3251,32,33
3387,3046,30,33
3388,3156,31,33
3389,3393,33,33
3390,3250,32,33
3391,3151,31,33
3392,2171,21,33
3393,2475,24,33
3394,3134,31,33
3395,3262,32,33
3396,3176,31,33
3397,2810,28,33
3398,3394,33,33
3399,3323,33,33
3400,2901,29,34
3401,2433,24,34
3402,3114,31,34
3403,3484,34,34
3404,3224,32,34
3405,3336,33,34
3406,3263,32,34
3407,3322,33,34
3408,3450,34,34
3409,3230,32,34
3410,3366,33,34
3411,3117,31,34
3412,3311,33,34
3413,3354,33,34
3414,3171,31,34
3415,3340,33,34
3416,3492,34,34
3417,3203,32,34
3418,3433,34,34
3419,3306,33,34
3420,3389,33,34
3421,3076,30,34
3422,3036,30,34
3423,3148,31,34
3424,2915,29,34
3425,3236,32,34
3426,3310,33,34
3427,3462,34,34
3428,2739,27,34
3429,3456,34,34
3430,3359,33,34
3431,3331,33,34
3432,3153,31,34
3433,3014,30,34
3434,3271,32,34
3435,3294,32,34
3436,2917,29,34
3437,2986,29,34
3438,2703,27,34
3439,3254,32,34
3440,3109,31,34
3441,3487,34,34
3442,3226,32,34
3443,3182,31,34
3444,3315,33,34
3445,3463,34,34
3446,3439,34,34
3447,3222,32,34
3448,3120,31,34
3449,3464,34,34
3450,3390,33,34
3451,3382,33,34
3452,3384,33,34
3453,2806,28,34
3454,3317,33,34
3455,3221,32,34
3456,3480,34,34
3457,3275,32,34
3458,3495,34,34
3459,3445,34,34
3460,3421,34,34
3461,3430,34,34
3462,3335,33,34
3463,3081,30,34
3464,2944,29,34
3465,3380,33,34
3466,2946,29,34
3467,2685,26,34
3468,3428,34,34
3469,3377,33,34
3470,2956,29,34
3471,3135,31,34
3472,3094,30,34
3473,3113,31,34
3474,2743,27,34
3475,3347,33,34
3476,3093,30,34
3477,3302,33,34
3478,2723,27,34
3479,2710,27,34
3480,3348,33,34
3481,3442,34,34
3482,3498,34,34
3483,3299,32,34
3484,3267,32,34
3485,3162,31,34
3486,3415,34,34
3487,3046,30,34
3488,2543,25,34
3489,3416,34,34
3490,3251,32,34
3491,2957,29,34
3492,3368,33,34
3493,3099,30,34
3494,3419,34,34
3495,2205,22,34
3496,3151,31,34
3497,3176,31,34
3498,3489,34,34
3499,3379,33,34
3500,2901,29,35
3501,2433,24,35
3502,3114,31,35
3503,3484,34,35
3504,3541,35,35
3505,3516,35,35
3506,3336,33,35
3507,3322,33,35
3508,3450,34,35
3509,3230,32,35
3510,3117,31,35
3511,3533,35,35
3512,3354,33,35
3513,3311,33,35
3514,3171,31,35
3515,3340,33,35
3516,3492,34,35
3517,3203,32,35
3518,3306,33,35
3519,3389,33,35
3520,3571,35,35
3521,3433,34,35
3522,3574,35,35
3523,3148,31,35
3524,3528,35,35
3525,2915,29,35
3526,3529,35,35
3527,3236,32,35
3528,3310,33,35
3529,3359,33,35
3530,3224,32,35
3531,3366,33,35
3532,3153,31,35
3533,3014,30,35
3534,3271,32,35
3535,2986,29,35
3536,2703,27,35
3537,3569,35,35
3538,3109,31,35
3539,3487,34,35
3540,3226,32,35
3541,3526,35,35
3542,3563,35,35
3543,3263,32,35
3544,3254,32,35
3545,3553,35,35
3546,3182,31,35
3547,3527,35,35
3548,3439,34,35
3549,3464,34,35
3550,3382,33,35
3551,3546,35,35
3552,3120,31,35
3553,3036,30,35
3554,3390,33,35
3555,3384,33,35
3556,3317,33,35
3557,2806,28,35
3558,3221,32,35
3559,3480,34,35
3560,3578,35,35
3561,3495,34,35
3562,3462,34,35
3563,3532,35,35
3564,3430,34,35
3565,3081,30,35
3566,2739,27,35
3567,3456,34,35
3568,3331,33,35
3569,3294,32,35
3570,2917,29,35
3571,3380,33,35
3572,2946,29,35
3573,2685,26,35
3574,3552,35,35
3575,3428,34,35
3576,3543,35,35
3577,3135,31,35
3578,3524,35,35
3579,3315,33,35
3580,3463,34,35
3581,3093,30,35
3582,3588,35,35
3583,3222,32,35
3584,3347,33,35
3585,3515,35,35
3586,3498,34,35
3587,3442,34,35
3588,3267,32,35
3589,3162,31,35
3590,3416,34,35
3591,3512,35,35
3592,2944,29,35
3593,3531,35,35
3594,3415,34,35
3595,3368,33,35
3596,3076,30,35
3597,3419,34,35
3598,3530,35,35
3599,3335,33,35
3600,2901,29,36
3601,2433,24,36
3602,3114,31,36
3603,3484,34,36
3604,3541,35,36
3605,3516,35,36
3606,3336,33,36
3607,3322,33,36
3608,3450,34,36
3609,3117,31,36
3610,3533,35,36
3611,3311,33,36
3612,3230,32,36
3613,3354,33,36
3614,3681,36,36
3615,3492,34,36
3616,3389,33,36
3617,3699,36,36
3618,3340,33,36
3619,3671,36,36
3620,3617,36,36
3621,3668,36,36
3622,3148,31,36
3623,3641,36,36
3624,3306,33,36
3625,3433,34,36
3626,3623,36,36
3627,3528,35,36
3628,2915,29,36
3629,3529,35,36
3630,3698,36,36
3631,3310,33,36
3632,3359,33,36
3633,3685,36,36
3634,3664,36,36
3635,3675,36,36
3636,3171,31,36
3637,3571,35,36
3638,3236,32,36
3639,3224,32,36
3640,3366,33,36
3641,3153,31,36
3642,3014,30,36
3643,3271,32,36
3644,2986,29,36
3645,2703,27,36
3646,3569,35,36
3647,3109,31,36
3648,3487,34,36
3649,3226,32,36
3650,3526,35,36
3651,3563,35,36
3652,3263,32,36
3653,3254,32,36
3654,3553,35,36
3655,3182,31,36
3656,3688,36,36
3657,3546,35,36
3658,3674,36,36
3659,3647,36,36
3660,3649,36,36
3661,3645,36,36
3662,3390,33,36
3663,3574,35,36
3664,3644,36,36
3665,3317,33,36
3666,2806,28,36
3667,3221,32,36
3668,3578,35,36
3669,3678,36,36
3670,3480,34,36
3671,3532,35,36
3672,3665,36,36
3673,3430,34,36
3674,3640,36,36
3675,2739,27,36
3676,3203,32,36
3677,3439,34,36
3678,3081,30,36
3679,3456,34,36
3680,3294,32,36
3681,2917,29,36
3682,3380,33,36
3683,2685,26,36
3684,3630,36,36
3685,3428,34,36
3686,3543,35,36
3687,3633,36,36
3688,3552,35,36
3689,3524,35,36
3690,3315,33,36
3691,3463,34,36
3692,3658,36,36
3693,3093,30,36
3694,3515,35,36
3695,3120,31,36
3696,3464,34,36
3697,3498,34,36
3698,3632,36,36
3699,3382,33,36
3700,3764,37,37
3701,2433,24,37
3702,3114,31,37
3703,3484,34,37
3704,3541,35,37
3705,3740,37,37
3706,3746,37,37
3707,3336,33,37
3708,3322,33,37
3709,3492,34,37
3710,3230,32,37
3711,3450,34,37
3712,3768,37,37
3713,3528,35,37
3714,3790,37,37
3715,3389,33,37
3716,3784,37,37
3717,3735,37,37
3718,3668,36,37
3719,3711,37,37
3720,3306,33,37
3721,3148,31,37
3722,3743,37,37
3723,3789,37,37
3724,3623,36,37
3725,3734,37,37
3726,3529,35,37
3727,3698,36,37
3728,3310,33,37
3729,3779,37,37
3730,3685,36,37
3731,3359,33,37
3732,3699,36,37
3733,3117,31,37
3734,3171,31,37
3735,3236,32,37
3736,3224,32,37
3737,3153,31,37
3738,3271,32,37
3739,2901,29,37
3740,3109,31,37
3741,3569,35,37
3742,3732,37,37
3743,3563,35,37
3744,3516,35,37
3745,3719,37,37
3746,3182,31,37
3747,3433,34,37
3748,3533,35,37
3749,3688,36,37
3750,3311,33,37
3751,3487,34,37
3752,3681,36,37
3753,3553,35,37
3754,3354,33,37
3755,3546,35,37
3756,3674,36,37
3757,3751,37,37
3758,3707,37,37
3759,3780,37,37
3760,3390,33,37
3761,3644,36,37
3762,3649,36,37
3763,2915,29,37
3764,3756,37,37
3765,3730,37,37
3766,3795,37,37
3767,3480,34,37
3768,3532,35,37
3769,3317,33,37
3770,3781,37,37
3771,3678,36,37
3772,3704,37,37
3773,3791,37,37
3774,3731,37,37
3775,3664,36,37
3776,3786,37,37
3777,3366,33,37
3778,3014,30,37
3779,2986,29,37
3780,2703,27,37
3781,3574,35,37
3782,2806,28,37
3783,3640,36,37
3784,3439,34,37
3785,3081,30,37
3786,3456,34,37
3787,3380,33,37
3788,2685,26,37
3789,3254,32,37
3790,3428,34,37
3791,3226,32,37
3792,3793,37,37
3793,3526,35,37
3794,3754,37,37
3795,3757,37,37
3796,3713,37,37
3797,3524,35,37
3798,3632,36,37
3799,3093,30,37
3800,3876,38,38
3801,3895,38,38
3802,3896,38,38
3803,3484,34,38
3804,3746,37,38
3805,3740,37,38
3806,3878,38,38
3807,3322,33,38
3808,3853,38,38
3809,3492,34,38
3810,3230,32,38
3811,3450,34,38
3812,3768,37,38
3813,3784,37,38
3814,3790,37,38
3815,3389,33,38
3816,3735,37,38
3817,3148,31,38
3818,3668,36,38
3819,3858,38,38
3820,3881,38,38
3821,3851,38,38
3822,3824,38,38
3823,3529,35,38
3824,3306,33,38
3825,3623,36,38
3826,3892,38,38
3827,3310,33,38
3828,3779,37,38
3829,3359,33,38
3830,2433,24,38
3831,3271,32,38
3832,3764,37,38
3833,3109,31,38
3834,3114,31,38
3835,2901,29,38
3836,3516,35,38
3837,3802,38,38
3838,3719,37,38
3839,3182,31,38
3840,3711,37,38
3841,3533,35,38
3842,3311,33,38
3843,3894,38,38
3844,3681,36,38
3845,3847,38,38
3846,3553,35,38
3847,3354,33,38
3848,3546,35,38
3849,3699,36,38
3850,3751,37,38
3851,3541,35,38
3852,3817,38,38
3853,3830,38,38
3854,3877,38,38
3855,3649,36,38
3856,3734,37,38
3857,3480,34,38
3858,3795,37,38
3859,3743,37,38
3860,3528,35,38
3861,3867,38,38
3862,3317,33,38
3863,3789,37,38
3864,3678,36,38
3865,3781,37,38
3866,3685,36,38
3867,3807,38,38
3868,3704,37,38
3869,3730,37,38
3870,3731,37,38
3871,3664,36,38
3872,3698,36,38
3873,3786,37,38
3874,3117,31,38
3875,3171,31,38
3876,3236,32,38
3877,3224,32,38
3878,3487,34,38
3879,3780,37,38
3880,3532,35,38
3881,3366,33,38
3882,3014,30,38
3883,2986,29,38
3884,3574,35,38
3885,2806,28,38
3886,3456,34,38
3887,3380,33,38
3888,3569,35,38
3889,3428,34,38
3890,3433,34,38
3891,3732,37,38
3892,3757,37,38
3893,3793,37,38
3894,3880,38,38
3895,3885,38,38
3896,3884,38,38
3897,3854,38,38
3898,3644,36,38
3899,3713,37,38
3900,3876,38,39
3901,3895,38,39
3902,3981,39,39
3903,3941,39,39
3904,3746,37,39
3905,3990,39,39
3906,3965,39,39
3907,3450,34,39
3908,3909,39,39
3909,3322,33,39
3910,3914,39,39
3911,3492,34,39
3912,3939,39,39
3913,3389,33,39
3914,3853,38,39
3915,3920,39,39
3916,3900,39,39
3917,3148,31,39
3918,3896,38,39
3919,3948,39,39
3920,3668,36,39
3921,3824,38,39
3922,3529,35,39
3923,3306,33,39
3924,3623,36,39
3925,3858,38,39
3926,3947,39,39
3927,3779,37,39
3928,3851,38,39
3929,3974,39,39
3930,3359,33,39
3931,3310,33,39
3932,3892,38,39
3933,2433,24,39
3934,3271,32,39
3935,3962,39,39
3936,3764,37,39
3937,3484,34,39
3938,3114,31,39
3939,3516,35,39
3940,3945,39,39
3941,3740,37,39
3942,3719,37,39
3943,3230,32,39
3944,3902,39,39
3945,3182,31,39
3946,3768,37,39
3947,3528,35,39
3948,3847,38,39
3949,3790,37,39
3950,3954,39,39
3951,3932,39,39
3952,3969,39,39
3953,3830,38,39
3954,3649,36,39
3955,3877,38,39
3956,3987,39,39
3957,3541,35,39
3958,3734,37,39
3959,3988,39,39
3960,3867,38,39
3961,3317,33,39
3962,3678,36,39
3963,3881,38,39
3964,3789,37,39
3965,3743,37,39
3966,3781,37,39
3967,3685,36,39
3968,3994,39,39
3969,3936,39,39
3970,3730,37,39
3971,3731,37,39
3972,3664,36,39
3973,3699,36,39
3974,3817,38,39
3975,3807,38,39
3976,3995,39,39
3977,3786,37,39
3978,3735,37,39
3979,3894,38,39
3980,3698,36,39
3981,3171,31,39
3982,3236,32,39
3983,3224,32,39
3984,3487,34,39
3985,3780,37,39
3986,3532,35,39
3987,3574,35,39
3988,2806,28,39
3989,3456,34,39
3990,3380,33,39
3991,3109,31,39
3992,2901,29,39
3993,3732,37,39
3994,3923,39,39
3995,3553,35,39
3996,3757,37,39
3997,3878,38,39
3998,3960,39,39
3999,3433,34,39
4000,4044,40,40
4001,3876,38,40
4002,4019,40,40
4003,3941,39,40
4004,4039,40,40
4005,3746,37,40
4006,3909,39,40
4007,3914,39,40
4008,3322,33,40
4009,3965,39,40
4010,3450,34,40
4011,3492,34,40
4012,3981,39,40
4013,3939,39,40
4014,3853,38,40
4015,4036,40,40
4016,4033,40,40
4017,3148,31,40
4018,4091,40,40
4019,3896,38,40
4020,4045,40,40
4021,3389,33,40
4022,3668,36,40
4023,3824,38,40
4024,3306,33,40
4025,4027,40,40
4026,3529,35,40
4027,3623,36,40
4028,4090,40,40
4029,3851,38,40
4030,4076,40,40
4031,3920,39,40
4032,3974,39,40
4033,3310,33,40
4034,3947,39,40
4035,3892,38,40
4036,3271,32,40
4037,4031,40,40
4038,3895,38,40
4039,4025,40,40
4040,3484,34,40
4041,3516,35,40
4042,3990,39,40
4043,3740,37,40
4044,4026,40,40
4045,3230,32,40
4046,4041,40,40
4047,3902,39,40
4048,3768,37,40
4049,3528,35,40
4050,3847,38,40
4051,3948,39,40
4052,3932,39,40
4053,3900,39,40
4054,4092,40,40
4055,4077,40,40
4056,3541,35,40
4057,3830,38,40
4058,4012,40,40
4059,4038,40,40
4060,3867,38,40
4061,4021,40,40
4062,3988,39,40
4063,3317,33,40
4064,3779,37,40
4065,3789,37,40
4066,3743,37,40
4067,3858,38,40
4068,3685,36,40
4069,3730,37,40
4070,4000,40,40
4071,3936,39,40
4072,3359,33,40
4073,3817,38,40
4074,3807,38,40
4075,3994,39,40
4076,2433,24,40
4077,3764,37,40
4078,3182,31,40
4079,3969,39,40
4080,3734,37,40
4081,3735,37,40
4082,3894,38,40
4083,3224,32,40
4084,3487,34,40
4085,3780,37,40
4086,3532,35,40
4087,3574,35,40
4088,3456,34,40
4089,3380,33,40
4090,3962,39,40
4091,2901,29,40
4092,3114,31,40
4093,3719,37,40
4094,3757,37,40
4095,3945,39,40
4096,4037,40,40
4097,4083,40,40
4098,4089,40,40
4099,4075,40,40
4100,4044,40,41
4101,3876,38,41
4102,4197,41,41
4103,4039,40,41
4104,3746,37,41
4105,3941,39,41
4106,4183,41,41
4107,3965,39,41
4108,3450,34,41
4109,3492,34,41
4110,4125,41,41
4111,3322,33,41
4112,3909,39,41
4113,3939,39,41
4114,4162,41,41
4115,4036,40,41
4116,4167,41,41
4117,4091,40,41
4118,4132,41,41
4119,4158,41,41
4120,4045,40,41
4121,4151,41,41
4122,3668,36,41
4123,3389,33,41
4124,3824,38,41
4125,3306,33,41
4126,4135,41,41
4127,4159,41,41
4128,3623,36,41
4129,4090,40,41
4130,4076,40,41
4131,3851,38,41
4132,3920,39,41
4133,3853,38,41
4134,3310,33,41
4135,3974,39,41
4136,4130,41,41
4137,3896,38,41
4138,3947,39,41
4139,3892,38,41
4140,3271,32,41
4141,4031,40,41
4142,3895,38,41
4143,4124,41,41
4144,4193,41,41
4145,4136,41,41
4146,3990,39,41
4147,3740,37,41
4148,4026,40,41
4149,3914,39,41
4150,4041,40,41
4151,4100,41,41
4152,3768,37,41
4153,3902,39,41
4154,4103,41,41
4155,3148,31,41
4156,4033,40,41
4157,4077,40,41
4158,3948,39,41
4159,4199,41,41
4160,3900,39,41
4161,4189,41,41
4162,4012,40,41
4163,3529,35,41
4164,3317,33,41
4165,3779,37,41
4166,3988,39,41
4167,3743,37,41
4168,4190,41,41
4169,4021,40,41
4170,4198,41,41
4171,3730,37,41
4172,4102,41,41
4173,3936,39,41
4174,3359,33,41
4175,3858,38,41
4176,3817,38,41
4177,3807,38,41
4178,4025,40,41
4179,4027,40,41
4180,2433,24,41
4181,3764,37,41
4182,3182,31,41
4183,3734,37,41
4184,4143,41,41
4185,3962,39,41
4186,4019,40,41
4187,3114,31,41
4188,3945,39,41
4189,3516,35,41
4190,4172,41,41
4191,3230,32,41
4192,3719,37,41
4193,4101,41,41
4194,4188,41,41
4195,3528,35,41
4196,4107,41,41
4197,4171,41,41
4198,4119,41,41
4199,4180,41,41
4200,4044,40,42
4201,3876,38,42
4202,4197,41,42
4203,4039,40,42
4204,3746,37,42
4205,4219,42,42
4206,4257,42,42
4207,4183,41,42
4208,3450,34,42
4209,3965,39,42
4210,4232,42,42
4211,4125,41,42
4212,3322,33,42
4213,3909,39,42
4214,3939,39,42
4215,4272,42,42
4216,4036,40,42
4217,4276,42,42
4218,4091,40,42
4219,4158,41,42
4220,4045,40,42
4221,4151,41,42
4222,3389,33,42
4223,4287,42,42
4224,3824,38,42
4225,3306,33,42
4226,4135,41,42
4227,4159,41,42
4228,4293,42,42
4229,4076,40,42
4230,3668,36,42
4231,4260,42,42
4232,4090,40,42
4233,4263,42,42
4234,3310,33,42
4235,4247,42,42
4236,3853,38,42
4237,3920,39,42
4238,4132,41,42
4239,3623,36,42
4240,3896,38,42
4241,3947,39,42
4242,3892,38,42
4243,3271,32,42
4244,4031,40,42
4245,3895,38,42
4246,4124,41,42
4247,3941,39,42
4248,4167,41,42
4249,4136,41,42
4250,3990,39,42
4251,3740,37,42
4252,4026,40,42
4253,3914,39,42
4254,3492,34,42
4255,4288,42,42
4256,3768,37,42
4257,4240,42,42
4258,4245,42,42
4259,4162,41,42
4260,4077,40,42
4261,4241,42,42
4262,3948,39,42
4263,3900,39,42
4264,4189,41,42
4265,3529,35,42
4266,3779,37,42
4267,4102,41,42
4268,3851,38,42
4269,4269,42,42
4270,3988,39,42
4271,4280,42,42
4272,4021,40,42
4273,3743,37,42
4274,4198,41,42
4275,3730,37,42
4276,4264,42,42
4277,3317,33,42
4278,3858,38,42
4279,3807,38,42
4280,3974,39,42
4281,4130,41,42
4282,4041,40,42
4283,4103,41,42
4284,3359,33,42
4285,4027,40,42
4286,2433,24,42
4287,3764,37,42
4288,3182,31,42
4289,4143,41,42
4290,3962,39,42
4291,4019,40,42
4292,3945,39,42
4293,3516,35,42
4294,4209,42,42
4295,4221,42,42
4296,4283,42,42
4297,3148,31,42
4298,4206,42,42
4299,4188,41,42
4300,4393,43,43
4301,4044,40,43
4302,4305,43,43
4303,4039,40,43
4304,3746,37,43
4305,4219,42,43
4306,4257,42,43
4307,4183,41,43
4308,3450,34,43
4309,4125,41,43
4310,4391,43,43
4311,4232,42,43
4312,3322,33,43
4313,3939,39,43
4314,4359,43,43
4315,4272,42,43
4316,4302,43,43
4317,4036,40,43
4318,4276,42,43
4319,4159,41,43
4320,3824,38,43
4321,4338,43,43
4322,4158,41,43
4323,4045,40,43
4324,4151,41,43
4325,3389,33,43
4326,3306,33,43
4327,4135,41,43
4328,4309,43,43
4329,3965,39,43
4330,3668,36,43
4331,4319,43,43
4332,4263,42,43
4333,4384,43,43
4334,4247,42,43
4335,4340,43,43
4336,4260,42,43
4337,4355,43,43
4338,3876,38,43
4339,4197,41,43
4340,4076,40,43
4341,4090,40,43
4342,4132,41,43
4343,3896,38,43
4344,3947,39,43
4345,3892,38,43
4346,4031,40,43
4347,3895,38,43
4348,4124,41,43
4349,3941,39,43
4350,4136,41,43
4351,3990,39,43
4352,3740,37,43
4353,4026,40,43
4354,3914,39,43
4355,3492,34,43
4356,4288,42,43
4357,4167,41,43
4358,3853,38,43
4359,4317,43,43
4360,4091,40,43
4361,3909,39,43
4362,4162,41,43
4363,4077,40,43
4364,4241,42,43
4365,3948,39,43
4366,3900,39,43
4367,4189,41,43
4368,4287,42,43
4369,3529,35,43
4370,4293,42,43
4371,3920,39,43
4372,3779,37,43
4373,4102,41,43
4374,4280,42,43
4375,3310,33,43
4376,4264,42,43
4377,4390,43,43
4378,4021,40,43
4379,4304,43,43
4380,3743,37,43
4381,3858,38,43
4382,4366,43,43
4383,3988,39,43
4384,3623,36,43
4385,3271,32,43
4386,4041,40,43
4387,4103,41,43
4388,3359,33,43
4389,2433,24,43
4390,3764,37,43
4391,3182,31,43
4392,4240,42,43
4393,3962,39,43
4394,4019,40,43
4395,4209,42,43
4396,4346,43,43
4397,3516,35,43
4398,4245,42,43
4399,3148,31,43
4400,4393,43,44
4401,4044,40,44
4402,4305,43,44
4403,4039,40,44
4404,3746,37,44
4405,4219,42,44
4406,4257,42,44
4407,4413,44,44
4408,4125,41,44
4409,4272,42,44
4410,4391,43,44
4411,4420,44,44
4412,3322,33,44
4413,4482,44,44
4414,4426,44,44
4415,4438,44,44
4416,4302,43,44
4417,4276,42,44
4418,4036,40,44
4419,4159,41,44
4420,4338,43,44
4421,4158,41,44
4422,3824,38,44
4423,4309,43,44
4424,3389,33,44
4425,3306,33,44
4426,4135,41,44
4427,3668,36,44
4428,4045,40,44
4429,3965,39,44
4430,4263,42,44
4431,4247,42,44
4432,4340,43,44
4433,4414,44,44
4434,4470,44,44
4435,4151,41,44
4436,4449,44,44
4437,4359,43,44
4438,4319,43,44
4439,4260,42,44
4440,4355,43,44
4441,4402,44,44
4442,4232,42,44
4443,3876,38,44
4444,4197,41,44
4445,4090,40,44
4446,4132,41,44
4447,3896,38,44
4448,3947,39,44
4449,3892,38,44
4450,4031,40,44
4451,3895,38,44
4452,4124,41,44
4453,4488,44,44
4454,4136,41,44
4455,4433,44,44
4456,3740,37,44
4457,4445,44,44
4458,3909,39,44
4459,4183,41,44
4460,3450,34,44
4461,3492,34,44
4462,4317,43,44
4463,3939,39,44
4464,4162,41,44
4465,4077,40,44
4466,4091,40,44
4467,4167,41,44
4468,4474,44,44
4469,3853,38,44
4470,3948,39,44
4471,3900,39,44
4472,4453,44,44
4473,4287,42,44
4474,3529,35,44
4475,4455,44,44
4476,4189,41,44
4477,4464,44,44
4478,4409,44,44
4479,4280,42,44
4480,3310,33,44
4481,4384,43,44
4482,4366,43,44
4483,4390,43,44
4484,4021,40,44
4485,4304,43,44
4486,3858,38,44
4487,3920,39,44
4488,3988,39,44
4489,4076,40,44
4490,3271,32,44
4491,3359,33,44
4492,2433,24,44
4493,3764,37,44
4494,4240,42,44
4495,3962,39,44
4496,4019,40,44
4497,3516,35,44
4498,3941,39,44
4499,3148,31,44
4500,4393,43,45
4501,4044,40,45
4502,4569,45,45
4503,4039,40,45
4504,4503,45,45
4505,4219,42,45
4506,4257,42,45
4507,4413,44,45
4508,4272,42,45
4509,4391,43,45
4510,4420,44,45
4511,4125,41,45
4512,4574,45,45
4513,4482,44,45
4514,4426,44,45
4515,4521,45,45
4516,4527,45,45
4517,4036,40,45
4518,4535,45,45
4519,4159,41,45
4520,4338,43,45
4521,4158,41,45
4522,3306,33,45
4523,3389,33,45
4524,4309,43,45
4525,3824,38,45
4526,4438,44,45
4527,4566,45,45
4528,4556,45,45
4529,4045,40,45
4530,3668,36,45
4531,3965,39,45
4532,4340,43,45
4533,4263,42,45
4534,4247,42,45
4535,4470,44,45
4536,4151,41,45
4537,4449,44,45
4538,4359,43,45
4539,4260,42,45
4540,4524,45,45
4541,4402,44,45
4542,4355,43,45
4543,4232,42,45
4544,3876,38,45
4545,4132,41,45
4546,3896,38,45
4547,4031,40,45
4548,3895,38,45
4549,4305,43,45
4550,3746,37,45
4551,4433,44,45
4552,3740,37,45
4553,3322,33,45
4554,4488,44,45
4555,4541,45,45
4556,4183,41,45
4557,3450,34,45
4558,3909,39,45
4559,3492,34,45
4560,4522,45,45
4561,4523,45,45
4562,4517,45,45
4563,4077,40,45
4564,4276,42,45
4565,4474,44,45
4566,3948,39,45
4567,3900,39,45
4568,4578,45,45
4569,4287,42,45
4570,3853,38,45
4571,4577,45,45
4572,4455,44,45
4573,4189,41,45
4574,4409,44,45
4575,4581,45,45
4576,4280,42,45
4577,4317,43,45
4578,4545,45,45
4579,4582,45,45
4580,4525,45,45
4581,4390,43,45
4582,4021,40,45
4583,4414,44,45
4584,3858,38,45
4585,4135,41,45
4586,4319,43,45
4587,4533,45,45
4588,4197,41,45
4589,4090,40,45
4590,3947,39,45
4591,3892,38,45
4592,4162,41,45
4593,4453,44,45
4594,3529,35,45
4595,4464,44,45
4596,4384,43,45
4597,4076,40,45
4598,3359,33,45
4599,2433,24,45
4600,4652,46,46
4601,4393,43,46
4602,4569,45,46
4603,4039,40,46
4604,4503,45,46
4605,4219,42,46
4606,4257,42,46
4607,4413,44,46
4608,4625,46,46
4609,4391,43,46
4610,4420,44,46
4611,4609,46,46
4612,4630,46,46
4613,4633,46,46
4614,4574,45,46
4615,4426,44,46
4616,4527,45,46
4617,4036,40,46
4618,4535,45,46
4619,4159,41,46
4620,4158,41,46
4621,3389,33,46
4622,4309,43,46
4623,4610,46,46
4624,4438,44,46
4625,4566,45,46
4626,3668,36,46
4627,4624,46,46
4628,4045,40,46
4629,3965,39,46
4630,4667,46,46
4631,4636,46,46
4632,4556,45,46
4633,4470,44,46
4634,4449,44,46
4635,4629,46,46
4636,3306,33,46
4637,4359,43,46
4638,4260,42,46
4639,4524,45,46
4640,4402,44,46
4641,4125,41,46
4642,3824,38,46
4643,4355,43,46
4644,4232,42,46
4645,3876,38,46
4646,4132,41,46
4647,3896,38,46
4648,4044,40,46
4649,4031,40,46
4650,4305,43,46
4651,4634,46,46
4652,4433,44,46
4653,4488,44,46
4654,4541,45,46
4655,4183,41,46
4656,4608,46,46
4657,3322,33,46
4658,4656,46,46
4659,4644,46,46
4660,3740,37,46
4661,4482,44,46
4662,4521,45,46
4663,4276,42,46
4664,4077,40,46
4665,3492,34,46
4666,4696,46,46
4667,4474,44,46
4668,4272,42,46
4669,4675,46,46
4670,3948,39,46
4671,4668,46,46
4672,4578,45,46
4673,4338,43,46
4674,4455,44,46
4675,3900,39,46
4676,4679,46,46
4677,4655,46,46
4678,4581,45,46
4679,4639,46,46
4680,4317,43,46
4681,4582,45,46
4682,4621,46,46
4683,4390,43,46
4684,4669,46,46
4685,4021,40,46
4686,4697,46,46
4687,3858,38,46
4688,4189,41,46
4689,4135,41,46
4690,4533,45,46
4691,4653,46,46
4692,3746,37,46
4693,3450,34,46
4694,4197,41,46
4695,4453,44,46
4696,4464,44,46
4697,4677,46,46
4698,3895,38,46
4699,4517,45,46
4700,4757,47,47
4701,4393,43,47
4702,4569,45,47
4703,4039,40,47
4704,4503,45,47
4705,4762,47,47
4706,4700,47,47
4707,4257,42,47
4708,4527,45,47
4709,4630,46,47
4710,4391,43,47
4711,4717,47,47
4712,4633,46,47
4713,4413,44,47
4714,4769,47,47
4715,4426,44,47
4716,4219,42,47
4717,4625,46,47
4718,4036,40,47
4719,4724,47,47
4720,4707,47,47
4721,3389,33,47
4722,4309,43,47
4723,3965,39,47
4724,4624,46,47
4725,4438,44,47
4726,4780,47,47
4727,4566,45,47
4728,3668,36,47
4729,4722,47,47
4730,3306,33,47
4731,4667,46,47
4732,4449,44,47
4733,4359,43,47
4734,4420,44,47
4735,4260,42,47
4736,4524,45,47
4737,4402,44,47
4738,4355,43,47
4739,4232,42,47
4740,3876,38,47
4741,4132,41,47
4742,3896,38,47
4743,4798,47,47
4744,4652,46,47
4745,4305,43,47
4746,4731,47,47
4747,4433,44,47
4748,4488,44,47
4749,4541,45,47
4750,4183,41,47
4751,4608,46,47
4752,4644,46,47
4753,4609,46,47
4754,3740,37,47
4755,4482,44,47
4756,4521,45,47
4757,4696,46,47
4758,4535,45,47
4759,3492,34,47
4760,4786,47,47
4761,4474,44,47
4762,4159,41,47
4763,4574,45,47
4764,4272,42,47
4765,3948,39,47
4766,4668,46,47
4767,4749,47,47
4768,4158,41,47
4769,3900,39,47
4770,4338,43,47
4771,4581,45,47
4772,4455,44,47
4773,4077,40,47
4774,4045,40,47
4775,4629,46,47
4776,4582,45,47
4777,4621,46,47
4778,4777,47,47
4779,4787,47,47
4780,4556,45,47
4781,4021,40,47
4782,4785,47,47
4783,4697,46,47
4784,4470,44,47
4785,4610,46,47
4786,4636,46,47
4787,3858,38,47
4788,4189,41,47
4789,4135,41,47
4790,4733,47,47
4791,4533,45,47
4792,4125,41,47
4793,3824,38,47
4794,4669,46,47
4795,4653,46,47
4796,3450,34,47
4797,4197,41,47
4798,4464,44,47
4799,4716,47,47
4800,4757,47,48
4801,4393,43,48
4802,4569,45,48
4803,4865,48,48
4804,4503,45,48
4805,4816,48,48
4806,4257,42,48
4807,4527,45,48
4808,4700,47,48
4809,4391,43,48
4810,4853,48,48
4811,4413,44,48
4812,4633,46,48
4813,4630,46,48
4814,4879,48,48
4815,4871,48,48
4816,4625,46,48
4817,4438,44,48
4818,4724,47,48
4819,4838,48,48
4820,4309,43,48
4821,4840,48,48
4822,4807,48,48
4823,4624,46,48
4824,4036,40,48
4825,4566,45,48
4826,3668,36,48
4827,3306,33,48
4828,4780,47,48
4829,3389,33,48
4830,4667,46,48
4831,4722,47,48
4832,4830,48,48
4833,3876,38,48
4834,4798,47,48
4835,4652,46,48
4836,4800,48,48
4837,4039,40,48
4838,4885,48,48
4839,4762,47,48
4840,4769,47,48
4841,4426,44,48
4842,4810,48,48
4843,4609,46,48
4844,3965,39,48
4845,4482,44,48
4846,4696,46,48
4847,4521,45,48
4848,4219,42,48
4849,4535,45,48
4850,4859,48,48
4851,4272,42,48
4852,4860,48,48
4853,4707,47,48
4854,4574,45,48
4855,3948,39,48
4856,4749,47,48
4857,4668,46,48
4858,4338,43,48
4859,4158,41,48
4860,4855,48,48
4861,4077,40,48
4862,4455,44,48
4863,4045,40,48
4864,4866,48,48
4865,4886,48,48
4866,4777,47,48
4867,4359,43,48
4868,4785,47,48
4869,4787,47,48
4870,4697,46,48
4871,4449,44,48
4872,4610,46,48
4873,4556,45,48
4874,4636,46,48
4875,3858,38,48
4876,4189,41,48
4877,4470,44,48
4878,4135,41,48
4879,4420,44,48
4880,4260,42,48
4881,4524,45,48
4882,4842,48,48
4883,4733,47,48
4884,4717,47,48
4885,4402,44,48
4886,4355,43,48
4887,4232,42,48
4888,4132,41,48
4889,3896,38,48
4890,4644,46,48
4891,4581,45,48
4892,4125,41,48
4893,3824,38,48
4894,4669,46,48
4895,4464,44,48
4896,4804,48,48
4897,4716,47,48
4898,4305,43,48
4899,4731,47,48
4900,4984,49,49
4901,4393,43,49
4902,4569,45,49
4903,4865,48,49
4904,4987,49,49
4905,4816,48,49
4906,4257,42,49
4907,4993,49,49
4908,4980,49,49
4909,4391,43,49
4910,4438,44,49
4911,4413,44,49
4912,4633,46,49
4913,4949,49,49
4914,4879,48,49
4915,4871,48,49
4916,4625,46,49
4917,4700,47,49
4918,4309,43,49
4919,4838,48,49
4920,4904,49,49
4921,4950,49,49
4922,4566,45,49
4923,4724,47,49
4924,4956,49,49
4925,4624,46,49
4926,4630,46,49
4927,3668,36,49
4928,4943,49,49
4929,4667,46,49
4930,4970,49,49
4931,4840,48,49
4932,4780,47,49
4933,4990,49,49
4934,3876,38,49
4935,4757,47,49
4936,4798,47,49
4937,4800,48,49
4938,4039,40,49
4939,4503,45,49
4940,4762,47,49
4941,4769,47,49
4942,4426,44,49
4943,4810,48,49
4944,4609,46,49
4945,4859,48,49
4946,4482,44,49
4947,4521,45,49
4948,4942,49,49
4949,4807,48,49
4950,4905,49,49
4951,4937,49,49
4952,4853,48,49
4953,4036,40,49
4954,4272,42,49
4955,4707,47,49
4956,4749,47,49
4957,3965,39,49
4958,4338,43,49
4959,4668,46,49
4960,4696,46,49
4961,3306,33,49
4962,4722,47,49
4963,4975,49,49
4964,4830,48,49
4965,4920,49,49
4966,4359,43,49
4967,4777,47,49
4968,3389,33,49
4969,4785,47,49
4970,4930,49,49
4971,4610,46,49
4972,4556,45,49
4973,4886,48,49
4974,4189,41,49
4975,4470,44,49
4976,4866,48,49
4977,4135,41,49
4978,4455,44,49
4979,4939,49,49
4980,4219,42,49
4981,4524,45,49
4982,4527,45,49
4983,4045,40,49
4984,4697,46,49
4985,4260,42,49
4986,4355,43,49
4987,4132,41,49
4988,3896,38,49
4989,4644,46,49
4990,4125,41,49
4991,3824,38,49
4992,4669,46,49
4993,4652,46,49
4994,4804,48,49
4995,4996,49,49
4996,4885,48,49
4997,4900,49,49
4998,4787,47,49
4999,4305,43,49
